category,value,observation_type,month,date
47.11+47.2 retail sale with mostly food,,Constant prices,2015M01,2015-01-01
47.591-47.592 specialised stores for home furniture; specialised stores for office furniture,81.4,Constant prices,2015M01,2015-01-01
47.64 sports shops,62.5,Constant prices,2015M01,2015-01-01
47.71 clothing stores,106.3,Constant prices,2015M01,2015-01-01
"47.74+47.75 retail sale of medical, cosmetic and toilet articles",65.4,Constant prices,2015M01,2015-01-01
47.11+47.2 retail sale with mostly food,,Constant prices,2015M02,2015-02-01
47.591-47.592 specialised stores for home furniture; specialised stores for office furniture,68.9,Constant prices,2015M02,2015-02-01
47.64 sports shops,59.9,Constant prices,2015M02,2015-02-01
47.71 clothing stores,84.9,Constant prices,2015M02,2015-02-01
"47.74+47.75 retail sale of medical, cosmetic and toilet articles",64.2,Constant prices,2015M02,2015-02-01
47.11+47.2 retail sale with mostly food,,Constant prices,2015M03,2015-03-01
47.591-47.592 specialised stores for home furniture; specialised stores for office furniture,80.8,Constant prices,2015M03,2015-03-01
47.64 sports shops,80.9,Constant prices,2015M03,2015-03-01
47.71 clothing stores,104.1,Constant prices,2015M03,2015-03-01
"47.74+47.75 retail sale of medical, cosmetic and toilet articles",72.1,Constant prices,2015M03,2015-03-01
47.11+47.2 retail sale with mostly food,,Constant prices,2015M04,2015-04-01
47.591-47.592 specialised stores for home furniture; specialised stores for office furniture,78.6,Constant prices,2015M04,2015-04-01
47.64 sports shops,88.5,Constant prices,2015M04,2015-04-01
47.71 clothing stores,105.1,Constant prices,2015M04,2015-04-01
"47.74+47.75 retail sale of medical, cosmetic and toilet articles",70.5,Constant prices,2015M04,2015-04-01
47.11+47.2 retail sale with mostly food,,Constant prices,2015M05,2015-05-01
47.591-47.592 specialised stores for home furniture; specialised stores for office furniture,81.0,Constant prices,2015M05,2015-05-01
47.64 sports shops,90.4,Constant prices,2015M05,2015-05-01
47.71 clothing stores,118.1,Constant prices,2015M05,2015-05-01
"47.74+47.75 retail sale of medical, cosmetic and toilet articles",78.3,Constant prices,2015M05,2015-05-01
47.11+47.2 retail sale with mostly food,,Constant prices,2015M06,2015-06-01
47.591-47.592 specialised stores for home furniture; specialised stores for office furniture,82.6,Constant prices,2015M06,2015-06-01
47.64 sports shops,92.3,Constant prices,2015M06,2015-06-01
47.71 clothing stores,140.7,Constant prices,2015M06,2015-06-01
"47.74+47.75 retail sale of medical, cosmetic and toilet articles",80.8,Constant prices,2015M06,2015-06-01
47.11+47.2 retail sale with mostly food,,Constant prices,2015M07,2015-07-01
47.591-47.592 specialised stores for home furniture; specialised stores for office furniture,93.7,Constant prices,2015M07,2015-07-01
47.64 sports shops,103.6,Constant prices,2015M07,2015-07-01
47.71 clothing stores,142.1,Constant prices,2015M07,2015-07-01
"47.74+47.75 retail sale of medical, cosmetic and toilet articles",69.9,Constant prices,2015M07,2015-07-01
47.11+47.2 retail sale with mostly food,,Constant prices,2015M08,2015-08-01
47.591-47.592 specialised stores for home furniture; specialised stores for office furniture,84.1,Constant prices,2015M08,2015-08-01
47.64 sports shops,87.8,Constant prices,2015M08,2015-08-01
47.71 clothing stores,114.1,Constant prices,2015M08,2015-08-01
"47.74+47.75 retail sale of medical, cosmetic and toilet articles",74.9,Constant prices,2015M08,2015-08-01
47.11+47.2 retail sale with mostly food,,Constant prices,2015M09,2015-09-01
47.591-47.592 specialised stores for home furniture; specialised stores for office furniture,85.6,Constant prices,2015M09,2015-09-01
47.64 sports shops,75.9,Constant prices,2015M09,2015-09-01
47.71 clothing stores,114.9,Constant prices,2015M09,2015-09-01
"47.74+47.75 retail sale of medical, cosmetic and toilet articles",78.2,Constant prices,2015M09,2015-09-01
47.11+47.2 retail sale with mostly food,,Constant prices,2015M10,2015-10-01
47.591-47.592 specialised stores for home furniture; specialised stores for office furniture,96.0,Constant prices,2015M10,2015-10-01
47.64 sports shops,78.5,Constant prices,2015M10,2015-10-01
47.71 clothing stores,120.6,Constant prices,2015M10,2015-10-01
"47.74+47.75 retail sale of medical, cosmetic and toilet articles",80.0,Constant prices,2015M10,2015-10-01
47.11+47.2 retail sale with mostly food,,Constant prices,2015M11,2015-11-01
47.591-47.592 specialised stores for home furniture; specialised stores for office furniture,94.8,Constant prices,2015M11,2015-11-01
47.64 sports shops,72.9,Constant prices,2015M11,2015-11-01
47.71 clothing stores,105.1,Constant prices,2015M11,2015-11-01
"47.74+47.75 retail sale of medical, cosmetic and toilet articles",90.8,Constant prices,2015M11,2015-11-01
47.11+47.2 retail sale with mostly food,,Constant prices,2015M12,2015-12-01
47.591-47.592 specialised stores for home furniture; specialised stores for office furniture,91.0,Constant prices,2015M12,2015-12-01
47.64 sports shops,107.3,Constant prices,2015M12,2015-12-01
47.71 clothing stores,157.2,Constant prices,2015M12,2015-12-01
"47.74+47.75 retail sale of medical, cosmetic and toilet articles",156.3,Constant prices,2015M12,2015-12-01
47.11+47.2 retail sale with mostly food,,Constant prices,2016M01,2016-01-01
47.591-47.592 specialised stores for home furniture; specialised stores for office furniture,84.6,Constant prices,2016M01,2016-01-01
47.64 sports shops,66.1,Constant prices,2016M01,2016-01-01
47.71 clothing stores,108.4,Constant prices,2016M01,2016-01-01
"47.74+47.75 retail sale of medical, cosmetic and toilet articles",74.2,Constant prices,2016M01,2016-01-01
47.11+47.2 retail sale with mostly food,,Constant prices,2016M02,2016-02-01
47.591-47.592 specialised stores for home furniture; specialised stores for office furniture,77.5,Constant prices,2016M02,2016-02-01
47.64 sports shops,61.7,Constant prices,2016M02,2016-02-01
47.71 clothing stores,90.2,Constant prices,2016M02,2016-02-01
"47.74+47.75 retail sale of medical, cosmetic and toilet articles",70.0,Constant prices,2016M02,2016-02-01
47.11+47.2 retail sale with mostly food,,Constant prices,2016M03,2016-03-01
47.591-47.592 specialised stores for home furniture; specialised stores for office furniture,88.5,Constant prices,2016M03,2016-03-01
47.64 sports shops,81.6,Constant prices,2016M03,2016-03-01
47.71 clothing stores,100.3,Constant prices,2016M03,2016-03-01
"47.74+47.75 retail sale of medical, cosmetic and toilet articles",85.0,Constant prices,2016M03,2016-03-01
47.11+47.2 retail sale with mostly food,,Constant prices,2016M04,2016-04-01
47.591-47.592 specialised stores for home furniture; specialised stores for office furniture,84.3,Constant prices,2016M04,2016-04-01
47.64 sports shops,89.9,Constant prices,2016M04,2016-04-01
47.71 clothing stores,100.4,Constant prices,2016M04,2016-04-01
"47.74+47.75 retail sale of medical, cosmetic and toilet articles",80.0,Constant prices,2016M04,2016-04-01
47.11+47.2 retail sale with mostly food,,Constant prices,2016M05,2016-05-01
47.591-47.592 specialised stores for home furniture; specialised stores for office furniture,80.4,Constant prices,2016M05,2016-05-01
47.64 sports shops,97.5,Constant prices,2016M05,2016-05-01
47.71 clothing stores,119.6,Constant prices,2016M05,2016-05-01
"47.74+47.75 retail sale of medical, cosmetic and toilet articles",83.2,Constant prices,2016M05,2016-05-01
47.11+47.2 retail sale with mostly food,,Constant prices,2016M06,2016-06-01
47.591-47.592 specialised stores for home furniture; specialised stores for office furniture,82.6,Constant prices,2016M06,2016-06-01
47.64 sports shops,96.5,Constant prices,2016M06,2016-06-01
47.71 clothing stores,135.2,Constant prices,2016M06,2016-06-01
"47.74+47.75 retail sale of medical, cosmetic and toilet articles",87.0,Constant prices,2016M06,2016-06-01
47.11+47.2 retail sale with mostly food,,Constant prices,2016M07,2016-07-01
47.591-47.592 specialised stores for home furniture; specialised stores for office furniture,87.2,Constant prices,2016M07,2016-07-01
47.64 sports shops,102.1,Constant prices,2016M07,2016-07-01
47.71 clothing stores,129.6,Constant prices,2016M07,2016-07-01
"47.74+47.75 retail sale of medical, cosmetic and toilet articles",74.8,Constant prices,2016M07,2016-07-01
47.11+47.2 retail sale with mostly food,,Constant prices,2016M08,2016-08-01
47.591-47.592 specialised stores for home furniture; specialised stores for office furniture,98.1,Constant prices,2016M08,2016-08-01
47.64 sports shops,91.6,Constant prices,2016M08,2016-08-01
47.71 clothing stores,118.4,Constant prices,2016M08,2016-08-01
"47.74+47.75 retail sale of medical, cosmetic and toilet articles",83.1,Constant prices,2016M08,2016-08-01
47.11+47.2 retail sale with mostly food,,Constant prices,2016M09,2016-09-01
47.591-47.592 specialised stores for home furniture; specialised stores for office furniture,87.2,Constant prices,2016M09,2016-09-01
47.64 sports shops,76.0,Constant prices,2016M09,2016-09-01
47.71 clothing stores,106.6,Constant prices,2016M09,2016-09-01
"47.74+47.75 retail sale of medical, cosmetic and toilet articles",81.2,Constant prices,2016M09,2016-09-01
47.11+47.2 retail sale with mostly food,,Constant prices,2016M10,2016-10-01
47.591-47.592 specialised stores for home furniture; specialised stores for office furniture,96.4,Constant prices,2016M10,2016-10-01
47.64 sports shops,81.0,Constant prices,2016M10,2016-10-01
47.71 clothing stores,117.2,Constant prices,2016M10,2016-10-01
"47.74+47.75 retail sale of medical, cosmetic and toilet articles",90.7,Constant prices,2016M10,2016-10-01
47.11+47.2 retail sale with mostly food,,Constant prices,2016M11,2016-11-01
47.591-47.592 specialised stores for home furniture; specialised stores for office furniture,94.8,Constant prices,2016M11,2016-11-01
47.64 sports shops,81.9,Constant prices,2016M11,2016-11-01
47.71 clothing stores,112.8,Constant prices,2016M11,2016-11-01
"47.74+47.75 retail sale of medical, cosmetic and toilet articles",106.1,Constant prices,2016M11,2016-11-01
47.11+47.2 retail sale with mostly food,,Constant prices,2016M12,2016-12-01
47.591-47.592 specialised stores for home furniture; specialised stores for office furniture,91.3,Constant prices,2016M12,2016-12-01
47.64 sports shops,103.7,Constant prices,2016M12,2016-12-01
47.71 clothing stores,150.0,Constant prices,2016M12,2016-12-01
"47.74+47.75 retail sale of medical, cosmetic and toilet articles",162.3,Constant prices,2016M12,2016-12-01
47.11+47.2 retail sale with mostly food,,Constant prices,2017M01,2017-01-01
47.591-47.592 specialised stores for home furniture; specialised stores for office furniture,89.8,Constant prices,2017M01,2017-01-01
47.64 sports shops,65.0,Constant prices,2017M01,2017-01-01
47.71 clothing stores,102.8,Constant prices,2017M01,2017-01-01
"47.74+47.75 retail sale of medical, cosmetic and toilet articles",87.5,Constant prices,2017M01,2017-01-01
47.11+47.2 retail sale with mostly food,,Constant prices,2017M02,2017-02-01
47.591-47.592 specialised stores for home furniture; specialised stores for office furniture,81.1,Constant prices,2017M02,2017-02-01
47.64 sports shops,66.4,Constant prices,2017M02,2017-02-01
47.71 clothing stores,82.6,Constant prices,2017M02,2017-02-01
"47.74+47.75 retail sale of medical, cosmetic and toilet articles",77.0,Constant prices,2017M02,2017-02-01
47.11+47.2 retail sale with mostly food,,Constant prices,2017M03,2017-03-01
47.591-47.592 specialised stores for home furniture; specialised stores for office furniture,88.8,Constant prices,2017M03,2017-03-01
47.64 sports shops,79.5,Constant prices,2017M03,2017-03-01
47.71 clothing stores,100.5,Constant prices,2017M03,2017-03-01
"47.74+47.75 retail sale of medical, cosmetic and toilet articles",92.5,Constant prices,2017M03,2017-03-01
47.11+47.2 retail sale with mostly food,,Constant prices,2017M04,2017-04-01
47.591-47.592 specialised stores for home furniture; specialised stores for office furniture,90.1,Constant prices,2017M04,2017-04-01
47.64 sports shops,84.4,Constant prices,2017M04,2017-04-01
47.71 clothing stores,100.5,Constant prices,2017M04,2017-04-01
"47.74+47.75 retail sale of medical, cosmetic and toilet articles",85.0,Constant prices,2017M04,2017-04-01
47.11+47.2 retail sale with mostly food,,Constant prices,2017M05,2017-05-01
47.591-47.592 specialised stores for home furniture; specialised stores for office furniture,87.6,Constant prices,2017M05,2017-05-01
47.64 sports shops,94.9,Constant prices,2017M05,2017-05-01
47.71 clothing stores,121.0,Constant prices,2017M05,2017-05-01
"47.74+47.75 retail sale of medical, cosmetic and toilet articles",88.1,Constant prices,2017M05,2017-05-01
47.11+47.2 retail sale with mostly food,,Constant prices,2017M06,2017-06-01
47.591-47.592 specialised stores for home furniture; specialised stores for office furniture,91.0,Constant prices,2017M06,2017-06-01
47.64 sports shops,97.4,Constant prices,2017M06,2017-06-01
47.71 clothing stores,135.1,Constant prices,2017M06,2017-06-01
"47.74+47.75 retail sale of medical, cosmetic and toilet articles",89.6,Constant prices,2017M06,2017-06-01
47.11+47.2 retail sale with mostly food,,Constant prices,2017M07,2017-07-01
47.591-47.592 specialised stores for home furniture; specialised stores for office furniture,98.4,Constant prices,2017M07,2017-07-01
47.64 sports shops,99.7,Constant prices,2017M07,2017-07-01
47.71 clothing stores,128.0,Constant prices,2017M07,2017-07-01
"47.74+47.75 retail sale of medical, cosmetic and toilet articles",78.6,Constant prices,2017M07,2017-07-01
47.11+47.2 retail sale with mostly food,,Constant prices,2017M08,2017-08-01
47.591-47.592 specialised stores for home furniture; specialised stores for office furniture,98.9,Constant prices,2017M08,2017-08-01
47.64 sports shops,95.5,Constant prices,2017M08,2017-08-01
47.71 clothing stores,118.1,Constant prices,2017M08,2017-08-01
"47.74+47.75 retail sale of medical, cosmetic and toilet articles",82.8,Constant prices,2017M08,2017-08-01
47.11+47.2 retail sale with mostly food,,Constant prices,2017M09,2017-09-01
47.591-47.592 specialised stores for home furniture; specialised stores for office furniture,91.5,Constant prices,2017M09,2017-09-01
47.64 sports shops,80.6,Constant prices,2017M09,2017-09-01
47.71 clothing stores,110.2,Constant prices,2017M09,2017-09-01
"47.74+47.75 retail sale of medical, cosmetic and toilet articles",99.9,Constant prices,2017M09,2017-09-01
47.11+47.2 retail sale with mostly food,,Constant prices,2017M10,2017-10-01
47.591-47.592 specialised stores for home furniture; specialised stores for office furniture,101.9,Constant prices,2017M10,2017-10-01
47.64 sports shops,81.7,Constant prices,2017M10,2017-10-01
47.71 clothing stores,116.2,Constant prices,2017M10,2017-10-01
"47.74+47.75 retail sale of medical, cosmetic and toilet articles",97.6,Constant prices,2017M10,2017-10-01
47.11+47.2 retail sale with mostly food,,Constant prices,2017M11,2017-11-01
47.591-47.592 specialised stores for home furniture; specialised stores for office furniture,102.9,Constant prices,2017M11,2017-11-01
47.64 sports shops,81.5,Constant prices,2017M11,2017-11-01
47.71 clothing stores,113.6,Constant prices,2017M11,2017-11-01
"47.74+47.75 retail sale of medical, cosmetic and toilet articles",109.0,Constant prices,2017M11,2017-11-01
47.11+47.2 retail sale with mostly food,,Constant prices,2017M12,2017-12-01
47.591-47.592 specialised stores for home furniture; specialised stores for office furniture,98.1,Constant prices,2017M12,2017-12-01
47.64 sports shops,107.2,Constant prices,2017M12,2017-12-01
47.71 clothing stores,146.3,Constant prices,2017M12,2017-12-01
"47.74+47.75 retail sale of medical, cosmetic and toilet articles",165.8,Constant prices,2017M12,2017-12-01
47.11+47.2 retail sale with mostly food,,Constant prices,2018M01,2018-01-01
47.591-47.592 specialised stores for home furniture; specialised stores for office furniture,96.6,Constant prices,2018M01,2018-01-01
47.64 sports shops,66.9,Constant prices,2018M01,2018-01-01
47.71 clothing stores,98.6,Constant prices,2018M01,2018-01-01
"47.74+47.75 retail sale of medical, cosmetic and toilet articles",91.7,Constant prices,2018M01,2018-01-01
47.11+47.2 retail sale with mostly food,,Constant prices,2018M02,2018-02-01
47.591-47.592 specialised stores for home furniture; specialised stores for office furniture,82.1,Constant prices,2018M02,2018-02-01
47.64 sports shops,67.5,Constant prices,2018M02,2018-02-01
47.71 clothing stores,76.5,Constant prices,2018M02,2018-02-01
"47.74+47.75 retail sale of medical, cosmetic and toilet articles",74.5,Constant prices,2018M02,2018-02-01
47.11+47.2 retail sale with mostly food,,Constant prices,2018M03,2018-03-01
47.591-47.592 specialised stores for home furniture; specialised stores for office furniture,95.3,Constant prices,2018M03,2018-03-01
47.64 sports shops,77.0,Constant prices,2018M03,2018-03-01
47.71 clothing stores,96.5,Constant prices,2018M03,2018-03-01
"47.74+47.75 retail sale of medical, cosmetic and toilet articles",95.3,Constant prices,2018M03,2018-03-01
47.11+47.2 retail sale with mostly food,,Constant prices,2018M04,2018-04-01
47.591-47.592 specialised stores for home furniture; specialised stores for office furniture,91.1,Constant prices,2018M04,2018-04-01
47.64 sports shops,98.4,Constant prices,2018M04,2018-04-01
47.71 clothing stores,112.9,Constant prices,2018M04,2018-04-01
"47.74+47.75 retail sale of medical, cosmetic and toilet articles",89.7,Constant prices,2018M04,2018-04-01
47.11+47.2 retail sale with mostly food,,Constant prices,2018M05,2018-05-01
47.591-47.592 specialised stores for home furniture; specialised stores for office furniture,83.4,Constant prices,2018M05,2018-05-01
47.64 sports shops,104.9,Constant prices,2018M05,2018-05-01
47.71 clothing stores,124.3,Constant prices,2018M05,2018-05-01
"47.74+47.75 retail sale of medical, cosmetic and toilet articles",92.5,Constant prices,2018M05,2018-05-01
47.11+47.2 retail sale with mostly food,,Constant prices,2018M06,2018-06-01
47.591-47.592 specialised stores for home furniture; specialised stores for office furniture,85.7,Constant prices,2018M06,2018-06-01
47.64 sports shops,96.2,Constant prices,2018M06,2018-06-01
47.71 clothing stores,130.3,Constant prices,2018M06,2018-06-01
"47.74+47.75 retail sale of medical, cosmetic and toilet articles",91.3,Constant prices,2018M06,2018-06-01
47.11+47.2 retail sale with mostly food,,Constant prices,2018M07,2018-07-01
47.591-47.592 specialised stores for home furniture; specialised stores for office furniture,90.1,Constant prices,2018M07,2018-07-01
47.64 sports shops,102.7,Constant prices,2018M07,2018-07-01
47.71 clothing stores,123.5,Constant prices,2018M07,2018-07-01
"47.74+47.75 retail sale of medical, cosmetic and toilet articles",73.7,Constant prices,2018M07,2018-07-01
47.11+47.2 retail sale with mostly food,,Constant prices,2018M08,2018-08-01
47.591-47.592 specialised stores for home furniture; specialised stores for office furniture,102.3,Constant prices,2018M08,2018-08-01
47.64 sports shops,104.4,Constant prices,2018M08,2018-08-01
47.71 clothing stores,123.0,Constant prices,2018M08,2018-08-01
"47.74+47.75 retail sale of medical, cosmetic and toilet articles",81.6,Constant prices,2018M08,2018-08-01
47.11+47.2 retail sale with mostly food,,Constant prices,2018M09,2018-09-01
47.591-47.592 specialised stores for home furniture; specialised stores for office furniture,95.1,Constant prices,2018M09,2018-09-01
47.64 sports shops,79.3,Constant prices,2018M09,2018-09-01
47.71 clothing stores,110.5,Constant prices,2018M09,2018-09-01
"47.74+47.75 retail sale of medical, cosmetic and toilet articles",97.4,Constant prices,2018M09,2018-09-01
47.11+47.2 retail sale with mostly food,,Constant prices,2018M10,2018-10-01
47.591-47.592 specialised stores for home furniture; specialised stores for office furniture,99.0,Constant prices,2018M10,2018-10-01
47.64 sports shops,83.0,Constant prices,2018M10,2018-10-01
47.71 clothing stores,114.7,Constant prices,2018M10,2018-10-01
"47.74+47.75 retail sale of medical, cosmetic and toilet articles",101.0,Constant prices,2018M10,2018-10-01
47.11+47.2 retail sale with mostly food,,Constant prices,2018M11,2018-11-01
47.591-47.592 specialised stores for home furniture; specialised stores for office furniture,105.1,Constant prices,2018M11,2018-11-01
47.64 sports shops,82.7,Constant prices,2018M11,2018-11-01
47.71 clothing stores,107.5,Constant prices,2018M11,2018-11-01
"47.74+47.75 retail sale of medical, cosmetic and toilet articles",107.8,Constant prices,2018M11,2018-11-01
47.11+47.2 retail sale with mostly food,,Constant prices,2018M12,2018-12-01
47.591-47.592 specialised stores for home furniture; specialised stores for office furniture,94.6,Constant prices,2018M12,2018-12-01
47.64 sports shops,106.4,Constant prices,2018M12,2018-12-01
47.71 clothing stores,139.7,Constant prices,2018M12,2018-12-01
"47.74+47.75 retail sale of medical, cosmetic and toilet articles",160.5,Constant prices,2018M12,2018-12-01
47.11+47.2 retail sale with mostly food,,Constant prices,2019M01,2019-01-01
47.591-47.592 specialised stores for home furniture; specialised stores for office furniture,92.1,Constant prices,2019M01,2019-01-01
47.64 sports shops,70.4,Constant prices,2019M01,2019-01-01
47.71 clothing stores,101.4,Constant prices,2019M01,2019-01-01
"47.74+47.75 retail sale of medical, cosmetic and toilet articles",83.7,Constant prices,2019M01,2019-01-01
47.11+47.2 retail sale with mostly food,,Constant prices,2019M02,2019-02-01
47.591-47.592 specialised stores for home furniture; specialised stores for office furniture,82.2,Constant prices,2019M02,2019-02-01
47.64 sports shops,63.5,Constant prices,2019M02,2019-02-01
47.71 clothing stores,87.9,Constant prices,2019M02,2019-02-01
"47.74+47.75 retail sale of medical, cosmetic and toilet articles",74.6,Constant prices,2019M02,2019-02-01
47.11+47.2 retail sale with mostly food,,Constant prices,2019M03,2019-03-01
47.591-47.592 specialised stores for home furniture; specialised stores for office furniture,98.1,Constant prices,2019M03,2019-03-01
47.64 sports shops,79.0,Constant prices,2019M03,2019-03-01
47.71 clothing stores,103.9,Constant prices,2019M03,2019-03-01
"47.74+47.75 retail sale of medical, cosmetic and toilet articles",94.5,Constant prices,2019M03,2019-03-01
47.11+47.2 retail sale with mostly food,,Constant prices,2019M04,2019-04-01
47.591-47.592 specialised stores for home furniture; specialised stores for office furniture,93.1,Constant prices,2019M04,2019-04-01
47.64 sports shops,97.9,Constant prices,2019M04,2019-04-01
47.71 clothing stores,108.9,Constant prices,2019M04,2019-04-01
"47.74+47.75 retail sale of medical, cosmetic and toilet articles",91.4,Constant prices,2019M04,2019-04-01
47.11+47.2 retail sale with mostly food,,Constant prices,2019M05,2019-05-01
47.591-47.592 specialised stores for home furniture; specialised stores for office furniture,94.7,Constant prices,2019M05,2019-05-01
47.64 sports shops,99.9,Constant prices,2019M05,2019-05-01
47.71 clothing stores,121.7,Constant prices,2019M05,2019-05-01
"47.74+47.75 retail sale of medical, cosmetic and toilet articles",91.8,Constant prices,2019M05,2019-05-01
47.11+47.2 retail sale with mostly food,,Constant prices,2019M06,2019-06-01
47.591-47.592 specialised stores for home furniture; specialised stores for office furniture,87.6,Constant prices,2019M06,2019-06-01
47.64 sports shops,100.1,Constant prices,2019M06,2019-06-01
47.71 clothing stores,132.3,Constant prices,2019M06,2019-06-01
"47.74+47.75 retail sale of medical, cosmetic and toilet articles",84.6,Constant prices,2019M06,2019-06-01
47.11+47.2 retail sale with mostly food,,Constant prices,2019M07,2019-07-01
47.591-47.592 specialised stores for home furniture; specialised stores for office furniture,100.6,Constant prices,2019M07,2019-07-01
47.64 sports shops,111.3,Constant prices,2019M07,2019-07-01
47.71 clothing stores,130.8,Constant prices,2019M07,2019-07-01
"47.74+47.75 retail sale of medical, cosmetic and toilet articles",81.4,Constant prices,2019M07,2019-07-01
47.11+47.2 retail sale with mostly food,,Constant prices,2019M08,2019-08-01
47.591-47.592 specialised stores for home furniture; specialised stores for office furniture,106.1,Constant prices,2019M08,2019-08-01
47.64 sports shops,98.7,Constant prices,2019M08,2019-08-01
47.71 clothing stores,123.7,Constant prices,2019M08,2019-08-01
"47.74+47.75 retail sale of medical, cosmetic and toilet articles",84.5,Constant prices,2019M08,2019-08-01
47.11+47.2 retail sale with mostly food,,Constant prices,2019M09,2019-09-01
47.591-47.592 specialised stores for home furniture; specialised stores for office furniture,95.4,Constant prices,2019M09,2019-09-01
47.64 sports shops,84.9,Constant prices,2019M09,2019-09-01
47.71 clothing stores,114.9,Constant prices,2019M09,2019-09-01
"47.74+47.75 retail sale of medical, cosmetic and toilet articles",96.1,Constant prices,2019M09,2019-09-01
47.11+47.2 retail sale with mostly food,,Constant prices,2019M10,2019-10-01
47.591-47.592 specialised stores for home furniture; specialised stores for office furniture,103.0,Constant prices,2019M10,2019-10-01
47.64 sports shops,90.1,Constant prices,2019M10,2019-10-01
47.71 clothing stores,116.7,Constant prices,2019M10,2019-10-01
"47.74+47.75 retail sale of medical, cosmetic and toilet articles",97.1,Constant prices,2019M10,2019-10-01
47.11+47.2 retail sale with mostly food,,Constant prices,2019M11,2019-11-01
47.591-47.592 specialised stores for home furniture; specialised stores for office furniture,106.3,Constant prices,2019M11,2019-11-01
47.64 sports shops,77.2,Constant prices,2019M11,2019-11-01
47.71 clothing stores,106.6,Constant prices,2019M11,2019-11-01
"47.74+47.75 retail sale of medical, cosmetic and toilet articles",106.7,Constant prices,2019M11,2019-11-01
47.11+47.2 retail sale with mostly food,,Constant prices,2019M12,2019-12-01
47.591-47.592 specialised stores for home furniture; specialised stores for office furniture,99.5,Constant prices,2019M12,2019-12-01
47.64 sports shops,103.1,Constant prices,2019M12,2019-12-01
47.71 clothing stores,138.7,Constant prices,2019M12,2019-12-01
"47.74+47.75 retail sale of medical, cosmetic and toilet articles",157.9,Constant prices,2019M12,2019-12-01
47.11+47.2 retail sale with mostly food,,Constant prices,2020M01,2020-01-01
47.591-47.592 specialised stores for home furniture; specialised stores for office furniture,97.6,Constant prices,2020M01,2020-01-01
47.64 sports shops,65.9,Constant prices,2020M01,2020-01-01
47.71 clothing stores,104.8,Constant prices,2020M01,2020-01-01
"47.74+47.75 retail sale of medical, cosmetic and toilet articles",81.9,Constant prices,2020M01,2020-01-01
47.11+47.2 retail sale with mostly food,,Constant prices,2020M02,2020-02-01
47.591-47.592 specialised stores for home furniture; specialised stores for office furniture,93.9,Constant prices,2020M02,2020-02-01
47.64 sports shops,74.0,Constant prices,2020M02,2020-02-01
47.71 clothing stores,89.4,Constant prices,2020M02,2020-02-01
"47.74+47.75 retail sale of medical, cosmetic and toilet articles",82.3,Constant prices,2020M02,2020-02-01
47.11+47.2 retail sale with mostly food,,Constant prices,2020M03,2020-03-01
47.591-47.592 specialised stores for home furniture; specialised stores for office furniture,92.3,Constant prices,2020M03,2020-03-01
47.64 sports shops,78.3,Constant prices,2020M03,2020-03-01
47.71 clothing stores,69.0,Constant prices,2020M03,2020-03-01
"47.74+47.75 retail sale of medical, cosmetic and toilet articles",78.2,Constant prices,2020M03,2020-03-01
47.11+47.2 retail sale with mostly food,,Constant prices,2020M04,2020-04-01
47.591-47.592 specialised stores for home furniture; specialised stores for office furniture,91.0,Constant prices,2020M04,2020-04-01
47.64 sports shops,98.5,Constant prices,2020M04,2020-04-01
47.71 clothing stores,69.1,Constant prices,2020M04,2020-04-01
"47.74+47.75 retail sale of medical, cosmetic and toilet articles",80.1,Constant prices,2020M04,2020-04-01
47.11+47.2 retail sale with mostly food,,Constant prices,2020M05,2020-05-01
47.591-47.592 specialised stores for home furniture; specialised stores for office furniture,98.2,Constant prices,2020M05,2020-05-01
47.64 sports shops,114.2,Constant prices,2020M05,2020-05-01
47.71 clothing stores,84.4,Constant prices,2020M05,2020-05-01
"47.74+47.75 retail sale of medical, cosmetic and toilet articles",82.6,Constant prices,2020M05,2020-05-01
47.11+47.2 retail sale with mostly food,,Constant prices,2020M06,2020-06-01
47.591-47.592 specialised stores for home furniture; specialised stores for office furniture,95.7,Constant prices,2020M06,2020-06-01
47.64 sports shops,122.3,Constant prices,2020M06,2020-06-01
47.71 clothing stores,105.4,Constant prices,2020M06,2020-06-01
"47.74+47.75 retail sale of medical, cosmetic and toilet articles",84.7,Constant prices,2020M06,2020-06-01
47.11+47.2 retail sale with mostly food,,Constant prices,2020M07,2020-07-01
47.591-47.592 specialised stores for home furniture; specialised stores for office furniture,104.0,Constant prices,2020M07,2020-07-01
47.64 sports shops,124.3,Constant prices,2020M07,2020-07-01
47.71 clothing stores,102.0,Constant prices,2020M07,2020-07-01
"47.74+47.75 retail sale of medical, cosmetic and toilet articles",82.5,Constant prices,2020M07,2020-07-01
47.11+47.2 retail sale with mostly food,,Constant prices,2020M08,2020-08-01
47.591-47.592 specialised stores for home furniture; specialised stores for office furniture,93.4,Constant prices,2020M08,2020-08-01
47.64 sports shops,100.1,Constant prices,2020M08,2020-08-01
47.71 clothing stores,98.2,Constant prices,2020M08,2020-08-01
"47.74+47.75 retail sale of medical, cosmetic and toilet articles",80.7,Constant prices,2020M08,2020-08-01
47.11+47.2 retail sale with mostly food,,Constant prices,2020M09,2020-09-01
47.591-47.592 specialised stores for home furniture; specialised stores for office furniture,101.4,Constant prices,2020M09,2020-09-01
47.64 sports shops,87.2,Constant prices,2020M09,2020-09-01
47.71 clothing stores,100.9,Constant prices,2020M09,2020-09-01
"47.74+47.75 retail sale of medical, cosmetic and toilet articles",94.8,Constant prices,2020M09,2020-09-01
47.11+47.2 retail sale with mostly food,,Constant prices,2020M10,2020-10-01
47.591-47.592 specialised stores for home furniture; specialised stores for office furniture,107.0,Constant prices,2020M10,2020-10-01
47.64 sports shops,92.4,Constant prices,2020M10,2020-10-01
47.71 clothing stores,101.4,Constant prices,2020M10,2020-10-01
"47.74+47.75 retail sale of medical, cosmetic and toilet articles",96.6,Constant prices,2020M10,2020-10-01
47.11+47.2 retail sale with mostly food,,Constant prices,2020M11,2020-11-01
47.591-47.592 specialised stores for home furniture; specialised stores for office furniture,101.8,Constant prices,2020M11,2020-11-01
47.64 sports shops,83.2,Constant prices,2020M11,2020-11-01
47.71 clothing stores,79.0,Constant prices,2020M11,2020-11-01
"47.74+47.75 retail sale of medical, cosmetic and toilet articles",107.0,Constant prices,2020M11,2020-11-01
47.11+47.2 retail sale with mostly food,,Constant prices,2020M12,2020-12-01
47.591-47.592 specialised stores for home furniture; specialised stores for office furniture,97.4,Constant prices,2020M12,2020-12-01
47.64 sports shops,97.9,Constant prices,2020M12,2020-12-01
47.71 clothing stores,98.4,Constant prices,2020M12,2020-12-01
"47.74+47.75 retail sale of medical, cosmetic and toilet articles",130.5,Constant prices,2020M12,2020-12-01
47.11+47.2 retail sale with mostly food,,Constant prices,2021M01,2021-01-01
47.591-47.592 specialised stores for home furniture; specialised stores for office furniture,90.7,Constant prices,2021M01,2021-01-01
47.64 sports shops,80.8,Constant prices,2021M01,2021-01-01
47.71 clothing stores,73.4,Constant prices,2021M01,2021-01-01
"47.74+47.75 retail sale of medical, cosmetic and toilet articles",76.1,Constant prices,2021M01,2021-01-01
47.11+47.2 retail sale with mostly food,,Constant prices,2021M02,2021-02-01
47.591-47.592 specialised stores for home furniture; specialised stores for office furniture,92.5,Constant prices,2021M02,2021-02-01
47.64 sports shops,77.4,Constant prices,2021M02,2021-02-01
47.71 clothing stores,68.4,Constant prices,2021M02,2021-02-01
"47.74+47.75 retail sale of medical, cosmetic and toilet articles",81.8,Constant prices,2021M02,2021-02-01
47.11+47.2 retail sale with mostly food,,Constant prices,2021M03,2021-03-01
47.591-47.592 specialised stores for home furniture; specialised stores for office furniture,107.3,Constant prices,2021M03,2021-03-01
47.64 sports shops,95.6,Constant prices,2021M03,2021-03-01
47.71 clothing stores,82.4,Constant prices,2021M03,2021-03-01
"47.74+47.75 retail sale of medical, cosmetic and toilet articles",85.9,Constant prices,2021M03,2021-03-01
47.11+47.2 retail sale with mostly food,,Constant prices,2021M04,2021-04-01
47.591-47.592 specialised stores for home furniture; specialised stores for office furniture,106.1,Constant prices,2021M04,2021-04-01
47.64 sports shops,105.4,Constant prices,2021M04,2021-04-01
47.71 clothing stores,83.3,Constant prices,2021M04,2021-04-01
"47.74+47.75 retail sale of medical, cosmetic and toilet articles",84.6,Constant prices,2021M04,2021-04-01
47.11+47.2 retail sale with mostly food,,Constant prices,2021M05,2021-05-01
47.591-47.592 specialised stores for home furniture; specialised stores for office furniture,106.2,Constant prices,2021M05,2021-05-01
47.64 sports shops,119.3,Constant prices,2021M05,2021-05-01
47.71 clothing stores,101.9,Constant prices,2021M05,2021-05-01
"47.74+47.75 retail sale of medical, cosmetic and toilet articles",92.8,Constant prices,2021M05,2021-05-01
47.11+47.2 retail sale with mostly food,,Constant prices,2021M06,2021-06-01
47.591-47.592 specialised stores for home furniture; specialised stores for office furniture,95.7,Constant prices,2021M06,2021-06-01
47.64 sports shops,117.1,Constant prices,2021M06,2021-06-01
47.71 clothing stores,126.0,Constant prices,2021M06,2021-06-01
"47.74+47.75 retail sale of medical, cosmetic and toilet articles",89.8,Constant prices,2021M06,2021-06-01
47.11+47.2 retail sale with mostly food,,Constant prices,2021M07,2021-07-01
47.591-47.592 specialised stores for home furniture; specialised stores for office furniture,100.6,Constant prices,2021M07,2021-07-01
47.64 sports shops,119.4,Constant prices,2021M07,2021-07-01
47.71 clothing stores,117.7,Constant prices,2021M07,2021-07-01
"47.74+47.75 retail sale of medical, cosmetic and toilet articles",95.1,Constant prices,2021M07,2021-07-01
47.11+47.2 retail sale with mostly food,,Constant prices,2021M08,2021-08-01
47.591-47.592 specialised stores for home furniture; specialised stores for office furniture,99.8,Constant prices,2021M08,2021-08-01
47.64 sports shops,103.2,Constant prices,2021M08,2021-08-01
47.71 clothing stores,111.3,Constant prices,2021M08,2021-08-01
"47.74+47.75 retail sale of medical, cosmetic and toilet articles",88.4,Constant prices,2021M08,2021-08-01
47.11+47.2 retail sale with mostly food,,Constant prices,2021M09,2021-09-01
47.591-47.592 specialised stores for home furniture; specialised stores for office furniture,96.7,Constant prices,2021M09,2021-09-01
47.64 sports shops,83.3,Constant prices,2021M09,2021-09-01
47.71 clothing stores,98.6,Constant prices,2021M09,2021-09-01
"47.74+47.75 retail sale of medical, cosmetic and toilet articles",103.9,Constant prices,2021M09,2021-09-01
47.11+47.2 retail sale with mostly food,,Constant prices,2021M10,2021-10-01
47.591-47.592 specialised stores for home furniture; specialised stores for office furniture,101.5,Constant prices,2021M10,2021-10-01
47.64 sports shops,88.9,Constant prices,2021M10,2021-10-01
47.71 clothing stores,107.2,Constant prices,2021M10,2021-10-01
"47.74+47.75 retail sale of medical, cosmetic and toilet articles",117.8,Constant prices,2021M10,2021-10-01
47.11+47.2 retail sale with mostly food,,Constant prices,2021M11,2021-11-01
47.591-47.592 specialised stores for home furniture; specialised stores for office furniture,104.9,Constant prices,2021M11,2021-11-01
47.64 sports shops,94.0,Constant prices,2021M11,2021-11-01
47.71 clothing stores,107.2,Constant prices,2021M11,2021-11-01
"47.74+47.75 retail sale of medical, cosmetic and toilet articles",131.3,Constant prices,2021M11,2021-11-01
47.11+47.2 retail sale with mostly food,,Constant prices,2021M12,2021-12-01
47.591-47.592 specialised stores for home furniture; specialised stores for office furniture,98.0,Constant prices,2021M12,2021-12-01
47.64 sports shops,115.6,Constant prices,2021M12,2021-12-01
47.71 clothing stores,122.4,Constant prices,2021M12,2021-12-01
"47.74+47.75 retail sale of medical, cosmetic and toilet articles",152.6,Constant prices,2021M12,2021-12-01
47.11+47.2 retail sale with mostly food,,Constant prices,2022M01,2022-01-01
47.591-47.592 specialised stores for home furniture; specialised stores for office furniture,89.0,Constant prices,2022M01,2022-01-01
47.64 sports shops,66.6,Constant prices,2022M01,2022-01-01
47.71 clothing stores,71.9,Constant prices,2022M01,2022-01-01
"47.74+47.75 retail sale of medical, cosmetic and toilet articles",86.3,Constant prices,2022M01,2022-01-01
47.11+47.2 retail sale with mostly food,,Constant prices,2022M02,2022-02-01
47.591-47.592 specialised stores for home furniture; specialised stores for office furniture,84.3,Constant prices,2022M02,2022-02-01
47.64 sports shops,70.4,Constant prices,2022M02,2022-02-01
47.71 clothing stores,78.2,Constant prices,2022M02,2022-02-01
"47.74+47.75 retail sale of medical, cosmetic and toilet articles",87.2,Constant prices,2022M02,2022-02-01
47.11+47.2 retail sale with mostly food,,Constant prices,2022M03,2022-03-01
47.591-47.592 specialised stores for home furniture; specialised stores for office furniture,94.9,Constant prices,2022M03,2022-03-01
47.64 sports shops,92.7,Constant prices,2022M03,2022-03-01
47.71 clothing stores,96.4,Constant prices,2022M03,2022-03-01
"47.74+47.75 retail sale of medical, cosmetic and toilet articles",94.3,Constant prices,2022M03,2022-03-01
47.11+47.2 retail sale with mostly food,,Constant prices,2022M04,2022-04-01
47.591-47.592 specialised stores for home furniture; specialised stores for office furniture,92.1,Constant prices,2022M04,2022-04-01
47.64 sports shops,96.3,Constant prices,2022M04,2022-04-01
47.71 clothing stores,111.2,Constant prices,2022M04,2022-04-01
"47.74+47.75 retail sale of medical, cosmetic and toilet articles",101.0,Constant prices,2022M04,2022-04-01
47.11+47.2 retail sale with mostly food,,Constant prices,2022M05,2022-05-01
47.591-47.592 specialised stores for home furniture; specialised stores for office furniture,91.3,Constant prices,2022M05,2022-05-01
47.64 sports shops,108.6,Constant prices,2022M05,2022-05-01
47.71 clothing stores,122.8,Constant prices,2022M05,2022-05-01
"47.74+47.75 retail sale of medical, cosmetic and toilet articles",109.4,Constant prices,2022M05,2022-05-01
47.11+47.2 retail sale with mostly food,,Constant prices,2022M06,2022-06-01
47.591-47.592 specialised stores for home furniture; specialised stores for office furniture,82.5,Constant prices,2022M06,2022-06-01
47.64 sports shops,105.1,Constant prices,2022M06,2022-06-01
47.71 clothing stores,127.9,Constant prices,2022M06,2022-06-01
"47.74+47.75 retail sale of medical, cosmetic and toilet articles",97.3,Constant prices,2022M06,2022-06-01
47.11+47.2 retail sale with mostly food,,Constant prices,2022M07,2022-07-01
47.591-47.592 specialised stores for home furniture; specialised stores for office furniture,86.3,Constant prices,2022M07,2022-07-01
47.64 sports shops,107.6,Constant prices,2022M07,2022-07-01
47.71 clothing stores,114.1,Constant prices,2022M07,2022-07-01
"47.74+47.75 retail sale of medical, cosmetic and toilet articles",88.9,Constant prices,2022M07,2022-07-01
47.11+47.2 retail sale with mostly food,,Constant prices,2022M08,2022-08-01
47.591-47.592 specialised stores for home furniture; specialised stores for office furniture,86.0,Constant prices,2022M08,2022-08-01
47.64 sports shops,93.4,Constant prices,2022M08,2022-08-01
47.71 clothing stores,108.3,Constant prices,2022M08,2022-08-01
"47.74+47.75 retail sale of medical, cosmetic and toilet articles",89.8,Constant prices,2022M08,2022-08-01
47.11+47.2 retail sale with mostly food,,Constant prices,2022M09,2022-09-01
47.591-47.592 specialised stores for home furniture; specialised stores for office furniture,85.3,Constant prices,2022M09,2022-09-01
47.64 sports shops,78.4,Constant prices,2022M09,2022-09-01
47.71 clothing stores,107.8,Constant prices,2022M09,2022-09-01
"47.74+47.75 retail sale of medical, cosmetic and toilet articles",98.5,Constant prices,2022M09,2022-09-01
47.11+47.2 retail sale with mostly food,,Constant prices,2022M10,2022-10-01
47.591-47.592 specialised stores for home furniture; specialised stores for office furniture,83.4,Constant prices,2022M10,2022-10-01
47.64 sports shops,77.3,Constant prices,2022M10,2022-10-01
47.71 clothing stores,109.2,Constant prices,2022M10,2022-10-01
"47.74+47.75 retail sale of medical, cosmetic and toilet articles",99.9,Constant prices,2022M10,2022-10-01
47.11+47.2 retail sale with mostly food,,Constant prices,2022M11,2022-11-01
47.591-47.592 specialised stores for home furniture; specialised stores for office furniture,84.0,Constant prices,2022M11,2022-11-01
47.64 sports shops,84.7,Constant prices,2022M11,2022-11-01
47.71 clothing stores,111.5,Constant prices,2022M11,2022-11-01
"47.74+47.75 retail sale of medical, cosmetic and toilet articles",121.1,Constant prices,2022M11,2022-11-01
47.11+47.2 retail sale with mostly food,,Constant prices,2022M12,2022-12-01
47.591-47.592 specialised stores for home furniture; specialised stores for office furniture,81.1,Constant prices,2022M12,2022-12-01
47.64 sports shops,98.6,Constant prices,2022M12,2022-12-01
47.71 clothing stores,129.5,Constant prices,2022M12,2022-12-01
"47.74+47.75 retail sale of medical, cosmetic and toilet articles",139.8,Constant prices,2022M12,2022-12-01
47.11+47.2 retail sale with mostly food,85.5,Constant prices,2023M01,2023-01-01
47.591-47.592 specialised stores for home furniture; specialised stores for office furniture,73.0,Constant prices,2023M01,2023-01-01
47.64 sports shops,63.8,Constant prices,2023M01,2023-01-01
47.71 clothing stores,92.8,Constant prices,2023M01,2023-01-01
"47.74+47.75 retail sale of medical, cosmetic and toilet articles",94.6,Constant prices,2023M01,2023-01-01
47.11+47.2 retail sale with mostly food,82.3,Constant prices,2023M02,2023-02-01
47.591-47.592 specialised stores for home furniture; specialised stores for office furniture,67.0,Constant prices,2023M02,2023-02-01
47.64 sports shops,62.4,Constant prices,2023M02,2023-02-01
47.71 clothing stores,82.1,Constant prices,2023M02,2023-02-01
"47.74+47.75 retail sale of medical, cosmetic and toilet articles",74.8,Constant prices,2023M02,2023-02-01
47.11+47.2 retail sale with mostly food,93.1,Constant prices,2023M03,2023-03-01
47.591-47.592 specialised stores for home furniture; specialised stores for office furniture,76.2,Constant prices,2023M03,2023-03-01
47.64 sports shops,76.4,Constant prices,2023M03,2023-03-01
47.71 clothing stores,95.8,Constant prices,2023M03,2023-03-01
"47.74+47.75 retail sale of medical, cosmetic and toilet articles",105.1,Constant prices,2023M03,2023-03-01
47.11+47.2 retail sale with mostly food,93.8,Constant prices,2023M04,2023-04-01
47.591-47.592 specialised stores for home furniture; specialised stores for office furniture,73.2,Constant prices,2023M04,2023-04-01
47.64 sports shops,88.7,Constant prices,2023M04,2023-04-01
47.71 clothing stores,98.8,Constant prices,2023M04,2023-04-01
"47.74+47.75 retail sale of medical, cosmetic and toilet articles",104.1,Constant prices,2023M04,2023-04-01
47.11+47.2 retail sale with mostly food,97.2,Constant prices,2023M05,2023-05-01
47.591-47.592 specialised stores for home furniture; specialised stores for office furniture,74.4,Constant prices,2023M05,2023-05-01
47.64 sports shops,103.7,Constant prices,2023M05,2023-05-01
47.71 clothing stores,117.3,Constant prices,2023M05,2023-05-01
"47.74+47.75 retail sale of medical, cosmetic and toilet articles",106.9,Constant prices,2023M05,2023-05-01
47.11+47.2 retail sale with mostly food,103.9,Constant prices,2023M06,2023-06-01
47.591-47.592 specialised stores for home furniture; specialised stores for office furniture,70.0,Constant prices,2023M06,2023-06-01
47.64 sports shops,97.6,Constant prices,2023M06,2023-06-01
47.71 clothing stores,125.2,Constant prices,2023M06,2023-06-01
"47.74+47.75 retail sale of medical, cosmetic and toilet articles",113.3,Constant prices,2023M06,2023-06-01
47.11+47.2 retail sale with mostly food,99.6,Constant prices,2023M07,2023-07-01
47.591-47.592 specialised stores for home furniture; specialised stores for office furniture,78.3,Constant prices,2023M07,2023-07-01
47.64 sports shops,102.7,Constant prices,2023M07,2023-07-01
47.71 clothing stores,108.9,Constant prices,2023M07,2023-07-01
"47.74+47.75 retail sale of medical, cosmetic and toilet articles",99.7,Constant prices,2023M07,2023-07-01
47.11+47.2 retail sale with mostly food,97.2,Constant prices,2023M08,2023-08-01
47.591-47.592 specialised stores for home furniture; specialised stores for office furniture,79.6,Constant prices,2023M08,2023-08-01
47.64 sports shops,84.5,Constant prices,2023M08,2023-08-01
47.71 clothing stores,108.8,Constant prices,2023M08,2023-08-01
"47.74+47.75 retail sale of medical, cosmetic and toilet articles",100.6,Constant prices,2023M08,2023-08-01
47.11+47.2 retail sale with mostly food,90.4,Constant prices,2023M09,2023-09-01
47.591-47.592 specialised stores for home furniture; specialised stores for office furniture,68.4,Constant prices,2023M09,2023-09-01
47.64 sports shops,74.3,Constant prices,2023M09,2023-09-01
47.71 clothing stores,92.9,Constant prices,2023M09,2023-09-01
"47.74+47.75 retail sale of medical, cosmetic and toilet articles",98.6,Constant prices,2023M09,2023-09-01
47.11+47.2 retail sale with mostly food,91.6,Constant prices,2023M10,2023-10-01
47.591-47.592 specialised stores for home furniture; specialised stores for office furniture,74.1,Constant prices,2023M10,2023-10-01
47.64 sports shops,80.0,Constant prices,2023M10,2023-10-01
47.71 clothing stores,100.7,Constant prices,2023M10,2023-10-01
"47.74+47.75 retail sale of medical, cosmetic and toilet articles",106.4,Constant prices,2023M10,2023-10-01
47.11+47.2 retail sale with mostly food,90.5,Constant prices,2023M11,2023-11-01
47.591-47.592 specialised stores for home furniture; specialised stores for office furniture,76.0,Constant prices,2023M11,2023-11-01
47.64 sports shops,84.4,Constant prices,2023M11,2023-11-01
47.71 clothing stores,102.9,Constant prices,2023M11,2023-11-01
"47.74+47.75 retail sale of medical, cosmetic and toilet articles",136.1,Constant prices,2023M11,2023-11-01
47.11+47.2 retail sale with mostly food,107.9,Constant prices,2023M12,2023-12-01
47.591-47.592 specialised stores for home furniture; specialised stores for office furniture,72.1,Constant prices,2023M12,2023-12-01
47.64 sports shops,89.0,Constant prices,2023M12,2023-12-01
47.71 clothing stores,114.5,Constant prices,2023M12,2023-12-01
"47.74+47.75 retail sale of medical, cosmetic and toilet articles",174.6,Constant prices,2023M12,2023-12-01
47.11+47.2 retail sale with mostly food,87.2,Constant prices,2024M01,2024-01-01
47.591-47.592 specialised stores for home furniture; specialised stores for office furniture,65.8,Constant prices,2024M01,2024-01-01
47.64 sports shops,58.5,Constant prices,2024M01,2024-01-01
47.71 clothing stores,85.3,Constant prices,2024M01,2024-01-01
"47.74+47.75 retail sale of medical, cosmetic and toilet articles",111.9,Constant prices,2024M01,2024-01-01
47.11+47.2 retail sale with mostly food,87.1,Constant prices,2024M02,2024-02-01
47.591-47.592 specialised stores for home furniture; specialised stores for office furniture,63.4,Constant prices,2024M02,2024-02-01
47.64 sports shops,60.3,Constant prices,2024M02,2024-02-01
47.71 clothing stores,76.3,Constant prices,2024M02,2024-02-01
"47.74+47.75 retail sale of medical, cosmetic and toilet articles",106.8,Constant prices,2024M02,2024-02-01
47.11+47.2 retail sale with mostly food,99.1,Constant prices,2024M03,2024-03-01
47.591-47.592 specialised stores for home furniture; specialised stores for office furniture,68.5,Constant prices,2024M03,2024-03-01
47.64 sports shops,68.8,Constant prices,2024M03,2024-03-01
47.71 clothing stores,83.7,Constant prices,2024M03,2024-03-01
"47.74+47.75 retail sale of medical, cosmetic and toilet articles",121.6,Constant prices,2024M03,2024-03-01
47.11+47.2 retail sale with mostly food,91.0,Constant prices,2024M04,2024-04-01
47.591-47.592 specialised stores for home furniture; specialised stores for office furniture,71.1,Constant prices,2024M04,2024-04-01
47.64 sports shops,85.4,Constant prices,2024M04,2024-04-01
47.71 clothing stores,96.2,Constant prices,2024M04,2024-04-01
"47.74+47.75 retail sale of medical, cosmetic and toilet articles",120.3,Constant prices,2024M04,2024-04-01
47.11+47.2 retail sale with mostly food,99.8,Constant prices,2024M05,2024-05-01
47.591-47.592 specialised stores for home furniture; specialised stores for office furniture,67.6,Constant prices,2024M05,2024-05-01
47.64 sports shops,100.6,Constant prices,2024M05,2024-05-01
47.71 clothing stores,117.8,Constant prices,2024M05,2024-05-01
"47.74+47.75 retail sale of medical, cosmetic and toilet articles",123.0,Constant prices,2024M05,2024-05-01
47.11+47.2 retail sale with mostly food,101.7,Constant prices,2024M06,2024-06-01
47.591-47.592 specialised stores for home furniture; specialised stores for office furniture,66.6,Constant prices,2024M06,2024-06-01
47.64 sports shops,87.7,Constant prices,2024M06,2024-06-01
47.71 clothing stores,103.0,Constant prices,2024M06,2024-06-01
"47.74+47.75 retail sale of medical, cosmetic and toilet articles",119.0,Constant prices,2024M06,2024-06-01
47.11+47.2 retail sale with mostly food,100.9,Constant prices,2024M07,2024-07-01
47.591-47.592 specialised stores for home furniture; specialised stores for office furniture,72.1,Constant prices,2024M07,2024-07-01
47.64 sports shops,94.5,Constant prices,2024M07,2024-07-01
47.71 clothing stores,105.8,Constant prices,2024M07,2024-07-01
"47.74+47.75 retail sale of medical, cosmetic and toilet articles",112.6,Constant prices,2024M07,2024-07-01
47.11+47.2 retail sale with mostly food,98.8,Constant prices,2024M08,2024-08-01
47.591-47.592 specialised stores for home furniture; specialised stores for office furniture,73.8,Constant prices,2024M08,2024-08-01
47.64 sports shops,86.6,Constant prices,2024M08,2024-08-01
47.71 clothing stores,100.4,Constant prices,2024M08,2024-08-01
"47.74+47.75 retail sale of medical, cosmetic and toilet articles",115.7,Constant prices,2024M08,2024-08-01
47.11+47.2 retail sale with mostly food,89.5,Constant prices,2024M09,2024-09-01
47.591-47.592 specialised stores for home furniture; specialised stores for office furniture,66.5,Constant prices,2024M09,2024-09-01
47.64 sports shops,72.8,Constant prices,2024M09,2024-09-01
47.71 clothing stores,89.4,Constant prices,2024M09,2024-09-01
"47.74+47.75 retail sale of medical, cosmetic and toilet articles",122.2,Constant prices,2024M09,2024-09-01
47.11+47.2 retail sale with mostly food,93.4,Constant prices,2024M10,2024-10-01
47.591-47.592 specialised stores for home furniture; specialised stores for office furniture,77.2,Constant prices,2024M10,2024-10-01
47.64 sports shops,78.9,Constant prices,2024M10,2024-10-01
47.71 clothing stores,96.7,Constant prices,2024M10,2024-10-01
"47.74+47.75 retail sale of medical, cosmetic and toilet articles",128.6,Constant prices,2024M10,2024-10-01
47.11+47.2 retail sale with mostly food,92.1,Constant prices,2024M11,2024-11-01
47.591-47.592 specialised stores for home furniture; specialised stores for office furniture,79.5,Constant prices,2024M11,2024-11-01
47.64 sports shops,81.2,Constant prices,2024M11,2024-11-01
47.71 clothing stores,92.7,Constant prices,2024M11,2024-11-01
"47.74+47.75 retail sale of medical, cosmetic and toilet articles",150.1,Constant prices,2024M11,2024-11-01
47.11+47.2 retail sale with mostly food,108.5,Constant prices,2024M12,2024-12-01
47.591-47.592 specialised stores for home furniture; specialised stores for office furniture,78.2,Constant prices,2024M12,2024-12-01
47.64 sports shops,98.1,Constant prices,2024M12,2024-12-01
47.71 clothing stores,116.1,Constant prices,2024M12,2024-12-01
"47.74+47.75 retail sale of medical, cosmetic and toilet articles",208.2,Constant prices,2024M12,2024-12-01
47.11+47.2 retail sale with mostly food,88.5,Constant prices,2025M01,2025-01-01
47.591-47.592 specialised stores for home furniture; specialised stores for office furniture,69.4,Constant prices,2025M01,2025-01-01
47.64 sports shops,62.8,Constant prices,2025M01,2025-01-01
47.71 clothing stores,78.1,Constant prices,2025M01,2025-01-01
"47.74+47.75 retail sale of medical, cosmetic and toilet articles",111.4,Constant prices,2025M01,2025-01-01
47.11+47.2 retail sale with mostly food,84.3,Constant prices,2025M02,2025-02-01
47.591-47.592 specialised stores for home furniture; specialised stores for office furniture,67.9,Constant prices,2025M02,2025-02-01
47.64 sports shops,60.0,Constant prices,2025M02,2025-02-01
47.71 clothing stores,66.8,Constant prices,2025M02,2025-02-01
"47.74+47.75 retail sale of medical, cosmetic and toilet articles",104.0,Constant prices,2025M02,2025-02-01
47.11+47.2 retail sale with mostly food,92.5,Constant prices,2025M03,2025-03-01
47.591-47.592 specialised stores for home furniture; specialised stores for office furniture,75.4,Constant prices,2025M03,2025-03-01
47.64 sports shops,79.2,Constant prices,2025M03,2025-03-01
47.71 clothing stores,85.2,Constant prices,2025M03,2025-03-01
"47.74+47.75 retail sale of medical, cosmetic and toilet articles",115.3,Constant prices,2025M03,2025-03-01
47.11+47.2 retail sale with mostly food,98.2,Constant prices,2025M04,2025-04-01
47.591-47.592 specialised stores for home furniture; specialised stores for office furniture,74.6,Constant prices,2025M04,2025-04-01
47.64 sports shops,89.4,Constant prices,2025M04,2025-04-01
47.71 clothing stores,94.7,Constant prices,2025M04,2025-04-01
"47.74+47.75 retail sale of medical, cosmetic and toilet articles",115.7,Constant prices,2025M04,2025-04-01
47.11+47.2 retail sale with mostly food,97.9,Constant prices,2025M05,2025-05-01
47.591-47.592 specialised stores for home furniture; specialised stores for office furniture,74.8,Constant prices,2025M05,2025-05-01
47.64 sports shops,91.0,Constant prices,2025M05,2025-05-01
47.71 clothing stores,100.2,Constant prices,2025M05,2025-05-01
"47.74+47.75 retail sale of medical, cosmetic and toilet articles",116.9,Constant prices,2025M05,2025-05-01
47.11+47.2 retail sale with mostly food,100.3,Constant prices,2025M06,2025-06-01
47.591-47.592 specialised stores for home furniture; specialised stores for office furniture,69.8,Constant prices,2025M06,2025-06-01
47.64 sports shops,92.7,Constant prices,2025M06,2025-06-01
47.71 clothing stores,109.8,Constant prices,2025M06,2025-06-01
"47.74+47.75 retail sale of medical, cosmetic and toilet articles",133.1,Constant prices,2025M06,2025-06-01
47.11+47.2 retail sale with mostly food,102.2,Constant prices,2025M07,2025-07-01
47.591-47.592 specialised stores for home furniture; specialised stores for office furniture,76.1,Constant prices,2025M07,2025-07-01
47.64 sports shops,95.4,Constant prices,2025M07,2025-07-01
47.71 clothing stores,108.6,Constant prices,2025M07,2025-07-01
"47.74+47.75 retail sale of medical, cosmetic and toilet articles",106.8,Constant prices,2025M07,2025-07-01
47.11+47.2 retail sale with mostly food,98.0,Constant prices,2025M08,2025-08-01
47.591-47.592 specialised stores for home furniture; specialised stores for office furniture,79.5,Constant prices,2025M08,2025-08-01
47.64 sports shops,87.1,Constant prices,2025M08,2025-08-01
47.71 clothing stores,104.4,Constant prices,2025M08,2025-08-01
"47.74+47.75 retail sale of medical, cosmetic and toilet articles",115.7,Constant prices,2025M08,2025-08-01
47.11+47.2 retail sale with mostly food,90.8,Constant prices,2025M09,2025-09-01
47.591-47.592 specialised stores for home furniture; specialised stores for office furniture,74.7,Constant prices,2025M09,2025-09-01
47.64 sports shops,78.4,Constant prices,2025M09,2025-09-01
47.71 clothing stores,95.1,Constant prices,2025M09,2025-09-01
"47.74+47.75 retail sale of medical, cosmetic and toilet articles",131.7,Constant prices,2025M09,2025-09-01
47.11+47.2 retail sale with mostly food,95.0,Constant prices,2025M10,2025-10-01
47.591-47.592 specialised stores for home furniture; specialised stores for office furniture,82.8,Constant prices,2025M10,2025-10-01
47.64 sports shops,79.5,Constant prices,2025M10,2025-10-01
47.71 clothing stores,99.4,Constant prices,2025M10,2025-10-01
"47.74+47.75 retail sale of medical, cosmetic and toilet articles",166.8,Constant prices,2025M10,2025-10-01
47.11+47.2 retail sale with mostly food,91.3,Constant prices,2025M11,2025-11-01
47.591-47.592 specialised stores for home furniture; specialised stores for office furniture,84.3,Constant prices,2025M11,2025-11-01
47.64 sports shops,78.4,Constant prices,2025M11,2025-11-01
47.71 clothing stores,97.9,Constant prices,2025M11,2025-11-01
"47.74+47.75 retail sale of medical, cosmetic and toilet articles",172.8,Constant prices,2025M11,2025-11-01
47.11+47.2 retail sale with mostly food,109.3,Constant prices,2025M12,2025-12-01
47.591-47.592 specialised stores for home furniture; specialised stores for office furniture,82.4,Constant prices,2025M12,2025-12-01
47.64 sports shops,94.9,Constant prices,2025M12,2025-12-01
47.71 clothing stores,113.7,Constant prices,2025M12,2025-12-01
"47.74+47.75 retail sale of medical, cosmetic and toilet articles",208.8,Constant prices,2025M12,2025-12-01
47.11+47.2 retail sale with mostly food,88.9,Constant prices,2026M01,2026-01-01
47.591-47.592 specialised stores for home furniture; specialised stores for office furniture,74.1,Constant prices,2026M01,2026-01-01
47.64 sports shops,66.7,Constant prices,2026M01,2026-01-01
47.71 clothing stores,79.5,Constant prices,2026M01,2026-01-01
"47.74+47.75 retail sale of medical, cosmetic and toilet articles",122.1,Constant prices,2026M01,2026-01-01
47.11+47.2 retail sale with mostly food,84.1,Constant prices,2026M02,2026-02-01
47.591-47.592 specialised stores for home furniture; specialised stores for office furniture,69.2,Constant prices,2026M02,2026-02-01
47.64 sports shops,62.3,Constant prices,2026M02,2026-02-01
47.71 clothing stores,68.7,Constant prices,2026M02,2026-02-01
"47.74+47.75 retail sale of medical, cosmetic and toilet articles",118.9,Constant prices,2026M02,2026-02-01
47.11+47.2 retail sale with mostly food,96.5,Constant prices,2026M03,2026-03-01
47.591-47.592 specialised stores for home furniture; specialised stores for office furniture,81.6,Constant prices,2026M03,2026-03-01
47.64 sports shops,82.3,Constant prices,2026M03,2026-03-01
47.71 clothing stores,90.8,Constant prices,2026M03,2026-03-01
"47.74+47.75 retail sale of medical, cosmetic and toilet articles",136.9,Constant prices,2026M03,2026-03-01
47.11+47.2 retail sale with mostly food,99.0,Constant prices,2026M04,2026-04-01
47.591-47.592 specialised stores for home furniture; specialised stores for office furniture,78.3,Constant prices,2026M04,2026-04-01
47.64 sports shops,90.0,Constant prices,2026M04,2026-04-01
47.71 clothing stores,96.0,Constant prices,2026M04,2026-04-01
"47.74+47.75 retail sale of medical, cosmetic and toilet articles",138.2,Constant prices,2026M04,2026-04-01
47.11+47.2 retail sale with mostly food,101.5,Constant prices,2026M05,2026-05-01
47.591-47.592 specialised stores for home furniture; specialised stores for office furniture,81.8,Constant prices,2026M05,2026-05-01
47.64 sports shops,97.6,Constant prices,2026M05,2026-05-01
47.71 clothing stores,107.7,Constant prices,2026M05,2026-05-01
"47.74+47.75 retail sale of medical, cosmetic and toilet articles",130.8,Constant prices,2026M05,2026-05-01
47.11+47.2 retail sale with mostly food,106.2,Constant prices,2026M06,2026-06-01
47.591-47.592 specialised stores for home furniture; specialised stores for office furniture,76.1,Constant prices,2026M06,2026-06-01
47.64 sports shops,101.1,Constant prices,2026M06,2026-06-01
47.71 clothing stores,118.6,Constant prices,2026M06,2026-06-01
"47.74+47.75 retail sale of medical, cosmetic and toilet articles",149.9,Constant prices,2026M06,2026-06-01
47.11+47.2 retail sale with mostly food,107.2,Constant prices,2026M07,2026-07-01
47.591-47.592 specialised stores for home furniture; specialised stores for office furniture,84.0,Constant prices,2026M07,2026-07-01
47.64 sports shops,101.6,Constant prices,2026M07,2026-07-01
47.71 clothing stores,110.7,Constant prices,2026M07,2026-07-01
"47.74+47.75 retail sale of medical, cosmetic and toilet articles",132.2,Constant prices,2026M07,2026-07-01
47.11+47.2 retail sale with mostly food,,"Seasonally adjusted, working day adjusted, constant prices",2015M01,2015-01-01
47.591-47.592 specialised stores for home furniture; specialised stores for office furniture,82.7,"Seasonally adjusted, working day adjusted, constant prices",2015M01,2015-01-01
47.64 sports shops,80.9,"Seasonally adjusted, working day adjusted, constant prices",2015M01,2015-01-01
47.71 clothing stores,117.0,"Seasonally adjusted, working day adjusted, constant prices",2015M01,2015-01-01
"47.74+47.75 retail sale of medical, cosmetic and toilet articles",75.5,"Seasonally adjusted, working day adjusted, constant prices",2015M01,2015-01-01
47.11+47.2 retail sale with mostly food,,"Seasonally adjusted, working day adjusted, constant prices",2015M02,2015-02-01
47.591-47.592 specialised stores for home furniture; specialised stores for office furniture,80.0,"Seasonally adjusted, working day adjusted, constant prices",2015M02,2015-02-01
47.64 sports shops,81.6,"Seasonally adjusted, working day adjusted, constant prices",2015M02,2015-02-01
47.71 clothing stores,116.0,"Seasonally adjusted, working day adjusted, constant prices",2015M02,2015-02-01
"47.74+47.75 retail sale of medical, cosmetic and toilet articles",78.9,"Seasonally adjusted, working day adjusted, constant prices",2015M02,2015-02-01
47.11+47.2 retail sale with mostly food,,"Seasonally adjusted, working day adjusted, constant prices",2015M03,2015-03-01
47.591-47.592 specialised stores for home furniture; specialised stores for office furniture,81.7,"Seasonally adjusted, working day adjusted, constant prices",2015M03,2015-03-01
47.64 sports shops,83.5,"Seasonally adjusted, working day adjusted, constant prices",2015M03,2015-03-01
47.71 clothing stores,119.1,"Seasonally adjusted, working day adjusted, constant prices",2015M03,2015-03-01
"47.74+47.75 retail sale of medical, cosmetic and toilet articles",77.1,"Seasonally adjusted, working day adjusted, constant prices",2015M03,2015-03-01
47.11+47.2 retail sale with mostly food,,"Seasonally adjusted, working day adjusted, constant prices",2015M04,2015-04-01
47.591-47.592 specialised stores for home furniture; specialised stores for office furniture,83.5,"Seasonally adjusted, working day adjusted, constant prices",2015M04,2015-04-01
47.64 sports shops,84.9,"Seasonally adjusted, working day adjusted, constant prices",2015M04,2015-04-01
47.71 clothing stores,115.7,"Seasonally adjusted, working day adjusted, constant prices",2015M04,2015-04-01
"47.74+47.75 retail sale of medical, cosmetic and toilet articles",77.2,"Seasonally adjusted, working day adjusted, constant prices",2015M04,2015-04-01
47.11+47.2 retail sale with mostly food,,"Seasonally adjusted, working day adjusted, constant prices",2015M05,2015-05-01
47.591-47.592 specialised stores for home furniture; specialised stores for office furniture,85.6,"Seasonally adjusted, working day adjusted, constant prices",2015M05,2015-05-01
47.64 sports shops,82.8,"Seasonally adjusted, working day adjusted, constant prices",2015M05,2015-05-01
47.71 clothing stores,113.4,"Seasonally adjusted, working day adjusted, constant prices",2015M05,2015-05-01
"47.74+47.75 retail sale of medical, cosmetic and toilet articles",83.8,"Seasonally adjusted, working day adjusted, constant prices",2015M05,2015-05-01
47.11+47.2 retail sale with mostly food,,"Seasonally adjusted, working day adjusted, constant prices",2015M06,2015-06-01
47.591-47.592 specialised stores for home furniture; specialised stores for office furniture,85.7,"Seasonally adjusted, working day adjusted, constant prices",2015M06,2015-06-01
47.64 sports shops,83.5,"Seasonally adjusted, working day adjusted, constant prices",2015M06,2015-06-01
47.71 clothing stores,121.1,"Seasonally adjusted, working day adjusted, constant prices",2015M06,2015-06-01
"47.74+47.75 retail sale of medical, cosmetic and toilet articles",82.8,"Seasonally adjusted, working day adjusted, constant prices",2015M06,2015-06-01
47.11+47.2 retail sale with mostly food,,"Seasonally adjusted, working day adjusted, constant prices",2015M07,2015-07-01
47.591-47.592 specialised stores for home furniture; specialised stores for office furniture,90.7,"Seasonally adjusted, working day adjusted, constant prices",2015M07,2015-07-01
47.64 sports shops,87.8,"Seasonally adjusted, working day adjusted, constant prices",2015M07,2015-07-01
47.71 clothing stores,127.4,"Seasonally adjusted, working day adjusted, constant prices",2015M07,2015-07-01
"47.74+47.75 retail sale of medical, cosmetic and toilet articles",83.0,"Seasonally adjusted, working day adjusted, constant prices",2015M07,2015-07-01
47.11+47.2 retail sale with mostly food,,"Seasonally adjusted, working day adjusted, constant prices",2015M08,2015-08-01
47.591-47.592 specialised stores for home furniture; specialised stores for office furniture,80.5,"Seasonally adjusted, working day adjusted, constant prices",2015M08,2015-08-01
47.64 sports shops,82.8,"Seasonally adjusted, working day adjusted, constant prices",2015M08,2015-08-01
47.71 clothing stores,110.0,"Seasonally adjusted, working day adjusted, constant prices",2015M08,2015-08-01
"47.74+47.75 retail sale of medical, cosmetic and toilet articles",83.5,"Seasonally adjusted, working day adjusted, constant prices",2015M08,2015-08-01
47.11+47.2 retail sale with mostly food,,"Seasonally adjusted, working day adjusted, constant prices",2015M09,2015-09-01
47.591-47.592 specialised stores for home furniture; specialised stores for office furniture,87.7,"Seasonally adjusted, working day adjusted, constant prices",2015M09,2015-09-01
47.64 sports shops,83.0,"Seasonally adjusted, working day adjusted, constant prices",2015M09,2015-09-01
47.71 clothing stores,117.7,"Seasonally adjusted, working day adjusted, constant prices",2015M09,2015-09-01
"47.74+47.75 retail sale of medical, cosmetic and toilet articles",81.3,"Seasonally adjusted, working day adjusted, constant prices",2015M09,2015-09-01
47.11+47.2 retail sale with mostly food,,"Seasonally adjusted, working day adjusted, constant prices",2015M10,2015-10-01
47.591-47.592 specialised stores for home furniture; specialised stores for office furniture,87.1,"Seasonally adjusted, working day adjusted, constant prices",2015M10,2015-10-01
47.64 sports shops,82.9,"Seasonally adjusted, working day adjusted, constant prices",2015M10,2015-10-01
47.71 clothing stores,118.7,"Seasonally adjusted, working day adjusted, constant prices",2015M10,2015-10-01
"47.74+47.75 retail sale of medical, cosmetic and toilet articles",82.1,"Seasonally adjusted, working day adjusted, constant prices",2015M10,2015-10-01
47.11+47.2 retail sale with mostly food,,"Seasonally adjusted, working day adjusted, constant prices",2015M11,2015-11-01
47.591-47.592 specialised stores for home furniture; specialised stores for office furniture,87.1,"Seasonally adjusted, working day adjusted, constant prices",2015M11,2015-11-01
47.64 sports shops,81.8,"Seasonally adjusted, working day adjusted, constant prices",2015M11,2015-11-01
47.71 clothing stores,114.9,"Seasonally adjusted, working day adjusted, constant prices",2015M11,2015-11-01
"47.74+47.75 retail sale of medical, cosmetic and toilet articles",84.3,"Seasonally adjusted, working day adjusted, constant prices",2015M11,2015-11-01
47.11+47.2 retail sale with mostly food,,"Seasonally adjusted, working day adjusted, constant prices",2015M12,2015-12-01
47.591-47.592 specialised stores for home furniture; specialised stores for office furniture,87.3,"Seasonally adjusted, working day adjusted, constant prices",2015M12,2015-12-01
47.64 sports shops,83.3,"Seasonally adjusted, working day adjusted, constant prices",2015M12,2015-12-01
47.71 clothing stores,119.3,"Seasonally adjusted, working day adjusted, constant prices",2015M12,2015-12-01
"47.74+47.75 retail sale of medical, cosmetic and toilet articles",86.5,"Seasonally adjusted, working day adjusted, constant prices",2015M12,2015-12-01
47.11+47.2 retail sale with mostly food,,"Seasonally adjusted, working day adjusted, constant prices",2016M01,2016-01-01
47.591-47.592 specialised stores for home furniture; specialised stores for office furniture,85.5,"Seasonally adjusted, working day adjusted, constant prices",2016M01,2016-01-01
47.64 sports shops,86.4,"Seasonally adjusted, working day adjusted, constant prices",2016M01,2016-01-01
47.71 clothing stores,121.5,"Seasonally adjusted, working day adjusted, constant prices",2016M01,2016-01-01
"47.74+47.75 retail sale of medical, cosmetic and toilet articles",85.6,"Seasonally adjusted, working day adjusted, constant prices",2016M01,2016-01-01
47.11+47.2 retail sale with mostly food,,"Seasonally adjusted, working day adjusted, constant prices",2016M02,2016-02-01
47.591-47.592 specialised stores for home furniture; specialised stores for office furniture,86.6,"Seasonally adjusted, working day adjusted, constant prices",2016M02,2016-02-01
47.64 sports shops,80.9,"Seasonally adjusted, working day adjusted, constant prices",2016M02,2016-02-01
47.71 clothing stores,118.6,"Seasonally adjusted, working day adjusted, constant prices",2016M02,2016-02-01
"47.74+47.75 retail sale of medical, cosmetic and toilet articles",84.0,"Seasonally adjusted, working day adjusted, constant prices",2016M02,2016-02-01
47.11+47.2 retail sale with mostly food,,"Seasonally adjusted, working day adjusted, constant prices",2016M03,2016-03-01
47.591-47.592 specialised stores for home furniture; specialised stores for office furniture,88.8,"Seasonally adjusted, working day adjusted, constant prices",2016M03,2016-03-01
47.64 sports shops,86.1,"Seasonally adjusted, working day adjusted, constant prices",2016M03,2016-03-01
47.71 clothing stores,115.8,"Seasonally adjusted, working day adjusted, constant prices",2016M03,2016-03-01
"47.74+47.75 retail sale of medical, cosmetic and toilet articles",89.8,"Seasonally adjusted, working day adjusted, constant prices",2016M03,2016-03-01
47.11+47.2 retail sale with mostly food,,"Seasonally adjusted, working day adjusted, constant prices",2016M04,2016-04-01
47.591-47.592 specialised stores for home furniture; specialised stores for office furniture,87.2,"Seasonally adjusted, working day adjusted, constant prices",2016M04,2016-04-01
47.64 sports shops,85.2,"Seasonally adjusted, working day adjusted, constant prices",2016M04,2016-04-01
47.71 clothing stores,108.3,"Seasonally adjusted, working day adjusted, constant prices",2016M04,2016-04-01
"47.74+47.75 retail sale of medical, cosmetic and toilet articles",87.0,"Seasonally adjusted, working day adjusted, constant prices",2016M04,2016-04-01
47.11+47.2 retail sale with mostly food,,"Seasonally adjusted, working day adjusted, constant prices",2016M05,2016-05-01
47.591-47.592 specialised stores for home furniture; specialised stores for office furniture,85.9,"Seasonally adjusted, working day adjusted, constant prices",2016M05,2016-05-01
47.64 sports shops,87.8,"Seasonally adjusted, working day adjusted, constant prices",2016M05,2016-05-01
47.71 clothing stores,114.5,"Seasonally adjusted, working day adjusted, constant prices",2016M05,2016-05-01
"47.74+47.75 retail sale of medical, cosmetic and toilet articles",89.1,"Seasonally adjusted, working day adjusted, constant prices",2016M05,2016-05-01
47.11+47.2 retail sale with mostly food,,"Seasonally adjusted, working day adjusted, constant prices",2016M06,2016-06-01
47.591-47.592 specialised stores for home furniture; specialised stores for office furniture,86.4,"Seasonally adjusted, working day adjusted, constant prices",2016M06,2016-06-01
47.64 sports shops,86.9,"Seasonally adjusted, working day adjusted, constant prices",2016M06,2016-06-01
47.71 clothing stores,116.0,"Seasonally adjusted, working day adjusted, constant prices",2016M06,2016-06-01
"47.74+47.75 retail sale of medical, cosmetic and toilet articles",90.3,"Seasonally adjusted, working day adjusted, constant prices",2016M06,2016-06-01
47.11+47.2 retail sale with mostly food,,"Seasonally adjusted, working day adjusted, constant prices",2016M07,2016-07-01
47.591-47.592 specialised stores for home furniture; specialised stores for office furniture,85.0,"Seasonally adjusted, working day adjusted, constant prices",2016M07,2016-07-01
47.64 sports shops,87.2,"Seasonally adjusted, working day adjusted, constant prices",2016M07,2016-07-01
47.71 clothing stores,117.4,"Seasonally adjusted, working day adjusted, constant prices",2016M07,2016-07-01
"47.74+47.75 retail sale of medical, cosmetic and toilet articles",90.1,"Seasonally adjusted, working day adjusted, constant prices",2016M07,2016-07-01
47.11+47.2 retail sale with mostly food,,"Seasonally adjusted, working day adjusted, constant prices",2016M08,2016-08-01
47.591-47.592 specialised stores for home furniture; specialised stores for office furniture,92.9,"Seasonally adjusted, working day adjusted, constant prices",2016M08,2016-08-01
47.64 sports shops,84.7,"Seasonally adjusted, working day adjusted, constant prices",2016M08,2016-08-01
47.71 clothing stores,112.5,"Seasonally adjusted, working day adjusted, constant prices",2016M08,2016-08-01
"47.74+47.75 retail sale of medical, cosmetic and toilet articles",92.5,"Seasonally adjusted, working day adjusted, constant prices",2016M08,2016-08-01
47.11+47.2 retail sale with mostly food,,"Seasonally adjusted, working day adjusted, constant prices",2016M09,2016-09-01
47.591-47.592 specialised stores for home furniture; specialised stores for office furniture,87.8,"Seasonally adjusted, working day adjusted, constant prices",2016M09,2016-09-01
47.64 sports shops,82.9,"Seasonally adjusted, working day adjusted, constant prices",2016M09,2016-09-01
47.71 clothing stores,109.1,"Seasonally adjusted, working day adjusted, constant prices",2016M09,2016-09-01
"47.74+47.75 retail sale of medical, cosmetic and toilet articles",82.3,"Seasonally adjusted, working day adjusted, constant prices",2016M09,2016-09-01
47.11+47.2 retail sale with mostly food,,"Seasonally adjusted, working day adjusted, constant prices",2016M10,2016-10-01
47.591-47.592 specialised stores for home furniture; specialised stores for office furniture,88.8,"Seasonally adjusted, working day adjusted, constant prices",2016M10,2016-10-01
47.64 sports shops,86.6,"Seasonally adjusted, working day adjusted, constant prices",2016M10,2016-10-01
47.71 clothing stores,117.1,"Seasonally adjusted, working day adjusted, constant prices",2016M10,2016-10-01
"47.74+47.75 retail sale of medical, cosmetic and toilet articles",92.9,"Seasonally adjusted, working day adjusted, constant prices",2016M10,2016-10-01
47.11+47.2 retail sale with mostly food,,"Seasonally adjusted, working day adjusted, constant prices",2016M11,2016-11-01
47.591-47.592 specialised stores for home furniture; specialised stores for office furniture,87.5,"Seasonally adjusted, working day adjusted, constant prices",2016M11,2016-11-01
47.64 sports shops,89.2,"Seasonally adjusted, working day adjusted, constant prices",2016M11,2016-11-01
47.71 clothing stores,120.1,"Seasonally adjusted, working day adjusted, constant prices",2016M11,2016-11-01
"47.74+47.75 retail sale of medical, cosmetic and toilet articles",96.0,"Seasonally adjusted, working day adjusted, constant prices",2016M11,2016-11-01
47.11+47.2 retail sale with mostly food,,"Seasonally adjusted, working day adjusted, constant prices",2016M12,2016-12-01
47.591-47.592 specialised stores for home furniture; specialised stores for office furniture,88.4,"Seasonally adjusted, working day adjusted, constant prices",2016M12,2016-12-01
47.64 sports shops,82.8,"Seasonally adjusted, working day adjusted, constant prices",2016M12,2016-12-01
47.71 clothing stores,115.5,"Seasonally adjusted, working day adjusted, constant prices",2016M12,2016-12-01
"47.74+47.75 retail sale of medical, cosmetic and toilet articles",91.7,"Seasonally adjusted, working day adjusted, constant prices",2016M12,2016-12-01
47.11+47.2 retail sale with mostly food,,"Seasonally adjusted, working day adjusted, constant prices",2017M01,2017-01-01
47.591-47.592 specialised stores for home furniture; specialised stores for office furniture,90.7,"Seasonally adjusted, working day adjusted, constant prices",2017M01,2017-01-01
47.64 sports shops,85.1,"Seasonally adjusted, working day adjusted, constant prices",2017M01,2017-01-01
47.71 clothing stores,115.9,"Seasonally adjusted, working day adjusted, constant prices",2017M01,2017-01-01
"47.74+47.75 retail sale of medical, cosmetic and toilet articles",99.7,"Seasonally adjusted, working day adjusted, constant prices",2017M01,2017-01-01
47.11+47.2 retail sale with mostly food,,"Seasonally adjusted, working day adjusted, constant prices",2017M02,2017-02-01
47.591-47.592 specialised stores for home furniture; specialised stores for office furniture,93.2,"Seasonally adjusted, working day adjusted, constant prices",2017M02,2017-02-01
47.64 sports shops,89.7,"Seasonally adjusted, working day adjusted, constant prices",2017M02,2017-02-01
47.71 clothing stores,112.3,"Seasonally adjusted, working day adjusted, constant prices",2017M02,2017-02-01
"47.74+47.75 retail sale of medical, cosmetic and toilet articles",96.8,"Seasonally adjusted, working day adjusted, constant prices",2017M02,2017-02-01
47.11+47.2 retail sale with mostly food,,"Seasonally adjusted, working day adjusted, constant prices",2017M03,2017-03-01
47.591-47.592 specialised stores for home furniture; specialised stores for office furniture,86.9,"Seasonally adjusted, working day adjusted, constant prices",2017M03,2017-03-01
47.64 sports shops,84.8,"Seasonally adjusted, working day adjusted, constant prices",2017M03,2017-03-01
47.71 clothing stores,112.4,"Seasonally adjusted, working day adjusted, constant prices",2017M03,2017-03-01
"47.74+47.75 retail sale of medical, cosmetic and toilet articles",95.0,"Seasonally adjusted, working day adjusted, constant prices",2017M03,2017-03-01
47.11+47.2 retail sale with mostly food,,"Seasonally adjusted, working day adjusted, constant prices",2017M04,2017-04-01
47.591-47.592 specialised stores for home furniture; specialised stores for office furniture,94.0,"Seasonally adjusted, working day adjusted, constant prices",2017M04,2017-04-01
47.64 sports shops,82.0,"Seasonally adjusted, working day adjusted, constant prices",2017M04,2017-04-01
47.71 clothing stores,113.4,"Seasonally adjusted, working day adjusted, constant prices",2017M04,2017-04-01
"47.74+47.75 retail sale of medical, cosmetic and toilet articles",95.6,"Seasonally adjusted, working day adjusted, constant prices",2017M04,2017-04-01
47.11+47.2 retail sale with mostly food,,"Seasonally adjusted, working day adjusted, constant prices",2017M05,2017-05-01
47.591-47.592 specialised stores for home furniture; specialised stores for office furniture,93.3,"Seasonally adjusted, working day adjusted, constant prices",2017M05,2017-05-01
47.64 sports shops,83.7,"Seasonally adjusted, working day adjusted, constant prices",2017M05,2017-05-01
47.71 clothing stores,113.2,"Seasonally adjusted, working day adjusted, constant prices",2017M05,2017-05-01
"47.74+47.75 retail sale of medical, cosmetic and toilet articles",93.5,"Seasonally adjusted, working day adjusted, constant prices",2017M05,2017-05-01
47.11+47.2 retail sale with mostly food,,"Seasonally adjusted, working day adjusted, constant prices",2017M06,2017-06-01
47.591-47.592 specialised stores for home furniture; specialised stores for office furniture,95.4,"Seasonally adjusted, working day adjusted, constant prices",2017M06,2017-06-01
47.64 sports shops,86.6,"Seasonally adjusted, working day adjusted, constant prices",2017M06,2017-06-01
47.71 clothing stores,116.1,"Seasonally adjusted, working day adjusted, constant prices",2017M06,2017-06-01
"47.74+47.75 retail sale of medical, cosmetic and toilet articles",94.1,"Seasonally adjusted, working day adjusted, constant prices",2017M06,2017-06-01
47.11+47.2 retail sale with mostly food,,"Seasonally adjusted, working day adjusted, constant prices",2017M07,2017-07-01
47.591-47.592 specialised stores for home furniture; specialised stores for office furniture,96.8,"Seasonally adjusted, working day adjusted, constant prices",2017M07,2017-07-01
47.64 sports shops,85.0,"Seasonally adjusted, working day adjusted, constant prices",2017M07,2017-07-01
47.71 clothing stores,116.3,"Seasonally adjusted, working day adjusted, constant prices",2017M07,2017-07-01
"47.74+47.75 retail sale of medical, cosmetic and toilet articles",94.2,"Seasonally adjusted, working day adjusted, constant prices",2017M07,2017-07-01
47.11+47.2 retail sale with mostly food,,"Seasonally adjusted, working day adjusted, constant prices",2017M08,2017-08-01
47.591-47.592 specialised stores for home furniture; specialised stores for office furniture,92.9,"Seasonally adjusted, working day adjusted, constant prices",2017M08,2017-08-01
47.64 sports shops,87.9,"Seasonally adjusted, working day adjusted, constant prices",2017M08,2017-08-01
47.71 clothing stores,112.1,"Seasonally adjusted, working day adjusted, constant prices",2017M08,2017-08-01
"47.74+47.75 retail sale of medical, cosmetic and toilet articles",93.3,"Seasonally adjusted, working day adjusted, constant prices",2017M08,2017-08-01
47.11+47.2 retail sale with mostly food,,"Seasonally adjusted, working day adjusted, constant prices",2017M09,2017-09-01
47.591-47.592 specialised stores for home furniture; specialised stores for office furniture,92.2,"Seasonally adjusted, working day adjusted, constant prices",2017M09,2017-09-01
47.64 sports shops,87.7,"Seasonally adjusted, working day adjusted, constant prices",2017M09,2017-09-01
47.71 clothing stores,112.5,"Seasonally adjusted, working day adjusted, constant prices",2017M09,2017-09-01
"47.74+47.75 retail sale of medical, cosmetic and toilet articles",99.6,"Seasonally adjusted, working day adjusted, constant prices",2017M09,2017-09-01
47.11+47.2 retail sale with mostly food,,"Seasonally adjusted, working day adjusted, constant prices",2017M10,2017-10-01
47.591-47.592 specialised stores for home furniture; specialised stores for office furniture,94.9,"Seasonally adjusted, working day adjusted, constant prices",2017M10,2017-10-01
47.64 sports shops,86.5,"Seasonally adjusted, working day adjusted, constant prices",2017M10,2017-10-01
47.71 clothing stores,115.4,"Seasonally adjusted, working day adjusted, constant prices",2017M10,2017-10-01
"47.74+47.75 retail sale of medical, cosmetic and toilet articles",97.4,"Seasonally adjusted, working day adjusted, constant prices",2017M10,2017-10-01
47.11+47.2 retail sale with mostly food,,"Seasonally adjusted, working day adjusted, constant prices",2017M11,2017-11-01
47.591-47.592 specialised stores for home furniture; specialised stores for office furniture,95.0,"Seasonally adjusted, working day adjusted, constant prices",2017M11,2017-11-01
47.64 sports shops,88.1,"Seasonally adjusted, working day adjusted, constant prices",2017M11,2017-11-01
47.71 clothing stores,119.4,"Seasonally adjusted, working day adjusted, constant prices",2017M11,2017-11-01
"47.74+47.75 retail sale of medical, cosmetic and toilet articles",97.1,"Seasonally adjusted, working day adjusted, constant prices",2017M11,2017-11-01
47.11+47.2 retail sale with mostly food,,"Seasonally adjusted, working day adjusted, constant prices",2017M12,2017-12-01
47.591-47.592 specialised stores for home furniture; specialised stores for office furniture,95.9,"Seasonally adjusted, working day adjusted, constant prices",2017M12,2017-12-01
47.64 sports shops,88.8,"Seasonally adjusted, working day adjusted, constant prices",2017M12,2017-12-01
47.71 clothing stores,116.6,"Seasonally adjusted, working day adjusted, constant prices",2017M12,2017-12-01
"47.74+47.75 retail sale of medical, cosmetic and toilet articles",97.6,"Seasonally adjusted, working day adjusted, constant prices",2017M12,2017-12-01
47.11+47.2 retail sale with mostly food,,"Seasonally adjusted, working day adjusted, constant prices",2018M01,2018-01-01
47.591-47.592 specialised stores for home furniture; specialised stores for office furniture,97.4,"Seasonally adjusted, working day adjusted, constant prices",2018M01,2018-01-01
47.64 sports shops,87.6,"Seasonally adjusted, working day adjusted, constant prices",2018M01,2018-01-01
47.71 clothing stores,110.5,"Seasonally adjusted, working day adjusted, constant prices",2018M01,2018-01-01
"47.74+47.75 retail sale of medical, cosmetic and toilet articles",102.8,"Seasonally adjusted, working day adjusted, constant prices",2018M01,2018-01-01
47.11+47.2 retail sale with mostly food,,"Seasonally adjusted, working day adjusted, constant prices",2018M02,2018-02-01
47.591-47.592 specialised stores for home furniture; specialised stores for office furniture,94.1,"Seasonally adjusted, working day adjusted, constant prices",2018M02,2018-02-01
47.64 sports shops,91.0,"Seasonally adjusted, working day adjusted, constant prices",2018M02,2018-02-01
47.71 clothing stores,103.3,"Seasonally adjusted, working day adjusted, constant prices",2018M02,2018-02-01
"47.74+47.75 retail sale of medical, cosmetic and toilet articles",93.8,"Seasonally adjusted, working day adjusted, constant prices",2018M02,2018-02-01
47.11+47.2 retail sale with mostly food,,"Seasonally adjusted, working day adjusted, constant prices",2018M03,2018-03-01
47.591-47.592 specialised stores for home furniture; specialised stores for office furniture,94.1,"Seasonally adjusted, working day adjusted, constant prices",2018M03,2018-03-01
47.64 sports shops,86.5,"Seasonally adjusted, working day adjusted, constant prices",2018M03,2018-03-01
47.71 clothing stores,111.5,"Seasonally adjusted, working day adjusted, constant prices",2018M03,2018-03-01
"47.74+47.75 retail sale of medical, cosmetic and toilet articles",99.8,"Seasonally adjusted, working day adjusted, constant prices",2018M03,2018-03-01
47.11+47.2 retail sale with mostly food,,"Seasonally adjusted, working day adjusted, constant prices",2018M04,2018-04-01
47.591-47.592 specialised stores for home furniture; specialised stores for office furniture,93.3,"Seasonally adjusted, working day adjusted, constant prices",2018M04,2018-04-01
47.64 sports shops,92.0,"Seasonally adjusted, working day adjusted, constant prices",2018M04,2018-04-01
47.71 clothing stores,122.9,"Seasonally adjusted, working day adjusted, constant prices",2018M04,2018-04-01
"47.74+47.75 retail sale of medical, cosmetic and toilet articles",98.6,"Seasonally adjusted, working day adjusted, constant prices",2018M04,2018-04-01
47.11+47.2 retail sale with mostly food,,"Seasonally adjusted, working day adjusted, constant prices",2018M05,2018-05-01
47.591-47.592 specialised stores for home furniture; specialised stores for office furniture,87.8,"Seasonally adjusted, working day adjusted, constant prices",2018M05,2018-05-01
47.64 sports shops,91.3,"Seasonally adjusted, working day adjusted, constant prices",2018M05,2018-05-01
47.71 clothing stores,115.2,"Seasonally adjusted, working day adjusted, constant prices",2018M05,2018-05-01
"47.74+47.75 retail sale of medical, cosmetic and toilet articles",98.1,"Seasonally adjusted, working day adjusted, constant prices",2018M05,2018-05-01
47.11+47.2 retail sale with mostly food,,"Seasonally adjusted, working day adjusted, constant prices",2018M06,2018-06-01
47.591-47.592 specialised stores for home furniture; specialised stores for office furniture,91.1,"Seasonally adjusted, working day adjusted, constant prices",2018M06,2018-06-01
47.64 sports shops,85.8,"Seasonally adjusted, working day adjusted, constant prices",2018M06,2018-06-01
47.71 clothing stores,112.5,"Seasonally adjusted, working day adjusted, constant prices",2018M06,2018-06-01
"47.74+47.75 retail sale of medical, cosmetic and toilet articles",97.8,"Seasonally adjusted, working day adjusted, constant prices",2018M06,2018-06-01
47.11+47.2 retail sale with mostly food,,"Seasonally adjusted, working day adjusted, constant prices",2018M07,2018-07-01
47.591-47.592 specialised stores for home furniture; specialised stores for office furniture,88.6,"Seasonally adjusted, working day adjusted, constant prices",2018M07,2018-07-01
47.64 sports shops,86.0,"Seasonally adjusted, working day adjusted, constant prices",2018M07,2018-07-01
47.71 clothing stores,112.3,"Seasonally adjusted, working day adjusted, constant prices",2018M07,2018-07-01
"47.74+47.75 retail sale of medical, cosmetic and toilet articles",86.4,"Seasonally adjusted, working day adjusted, constant prices",2018M07,2018-07-01
47.11+47.2 retail sale with mostly food,,"Seasonally adjusted, working day adjusted, constant prices",2018M08,2018-08-01
47.591-47.592 specialised stores for home furniture; specialised stores for office furniture,94.6,"Seasonally adjusted, working day adjusted, constant prices",2018M08,2018-08-01
47.64 sports shops,95.4,"Seasonally adjusted, working day adjusted, constant prices",2018M08,2018-08-01
47.71 clothing stores,116.4,"Seasonally adjusted, working day adjusted, constant prices",2018M08,2018-08-01
"47.74+47.75 retail sale of medical, cosmetic and toilet articles",92.1,"Seasonally adjusted, working day adjusted, constant prices",2018M08,2018-08-01
47.11+47.2 retail sale with mostly food,,"Seasonally adjusted, working day adjusted, constant prices",2018M09,2018-09-01
47.591-47.592 specialised stores for home furniture; specialised stores for office furniture,96.1,"Seasonally adjusted, working day adjusted, constant prices",2018M09,2018-09-01
47.64 sports shops,87.4,"Seasonally adjusted, working day adjusted, constant prices",2018M09,2018-09-01
47.71 clothing stores,114.0,"Seasonally adjusted, working day adjusted, constant prices",2018M09,2018-09-01
"47.74+47.75 retail sale of medical, cosmetic and toilet articles",97.1,"Seasonally adjusted, working day adjusted, constant prices",2018M09,2018-09-01
47.11+47.2 retail sale with mostly food,,"Seasonally adjusted, working day adjusted, constant prices",2018M10,2018-10-01
47.591-47.592 specialised stores for home furniture; specialised stores for office furniture,93.1,"Seasonally adjusted, working day adjusted, constant prices",2018M10,2018-10-01
47.64 sports shops,86.3,"Seasonally adjusted, working day adjusted, constant prices",2018M10,2018-10-01
47.71 clothing stores,111.9,"Seasonally adjusted, working day adjusted, constant prices",2018M10,2018-10-01
"47.74+47.75 retail sale of medical, cosmetic and toilet articles",97.5,"Seasonally adjusted, working day adjusted, constant prices",2018M10,2018-10-01
47.11+47.2 retail sale with mostly food,,"Seasonally adjusted, working day adjusted, constant prices",2018M11,2018-11-01
47.591-47.592 specialised stores for home furniture; specialised stores for office furniture,96.5,"Seasonally adjusted, working day adjusted, constant prices",2018M11,2018-11-01
47.64 sports shops,88.8,"Seasonally adjusted, working day adjusted, constant prices",2018M11,2018-11-01
47.71 clothing stores,111.1,"Seasonally adjusted, working day adjusted, constant prices",2018M11,2018-11-01
"47.74+47.75 retail sale of medical, cosmetic and toilet articles",94.0,"Seasonally adjusted, working day adjusted, constant prices",2018M11,2018-11-01
47.11+47.2 retail sale with mostly food,,"Seasonally adjusted, working day adjusted, constant prices",2018M12,2018-12-01
47.591-47.592 specialised stores for home furniture; specialised stores for office furniture,94.4,"Seasonally adjusted, working day adjusted, constant prices",2018M12,2018-12-01
47.64 sports shops,90.8,"Seasonally adjusted, working day adjusted, constant prices",2018M12,2018-12-01
47.71 clothing stores,114.3,"Seasonally adjusted, working day adjusted, constant prices",2018M12,2018-12-01
"47.74+47.75 retail sale of medical, cosmetic and toilet articles",98.2,"Seasonally adjusted, working day adjusted, constant prices",2018M12,2018-12-01
47.11+47.2 retail sale with mostly food,,"Seasonally adjusted, working day adjusted, constant prices",2019M01,2019-01-01
47.591-47.592 specialised stores for home furniture; specialised stores for office furniture,93.7,"Seasonally adjusted, working day adjusted, constant prices",2019M01,2019-01-01
47.64 sports shops,93.6,"Seasonally adjusted, working day adjusted, constant prices",2019M01,2019-01-01
47.71 clothing stores,114.9,"Seasonally adjusted, working day adjusted, constant prices",2019M01,2019-01-01
"47.74+47.75 retail sale of medical, cosmetic and toilet articles",94.4,"Seasonally adjusted, working day adjusted, constant prices",2019M01,2019-01-01
47.11+47.2 retail sale with mostly food,,"Seasonally adjusted, working day adjusted, constant prices",2019M02,2019-02-01
47.591-47.592 specialised stores for home furniture; specialised stores for office furniture,93.8,"Seasonally adjusted, working day adjusted, constant prices",2019M02,2019-02-01
47.64 sports shops,86.2,"Seasonally adjusted, working day adjusted, constant prices",2019M02,2019-02-01
47.71 clothing stores,118.2,"Seasonally adjusted, working day adjusted, constant prices",2019M02,2019-02-01
"47.74+47.75 retail sale of medical, cosmetic and toilet articles",93.4,"Seasonally adjusted, working day adjusted, constant prices",2019M02,2019-02-01
47.11+47.2 retail sale with mostly food,,"Seasonally adjusted, working day adjusted, constant prices",2019M03,2019-03-01
47.591-47.592 specialised stores for home furniture; specialised stores for office furniture,95.5,"Seasonally adjusted, working day adjusted, constant prices",2019M03,2019-03-01
47.64 sports shops,88.7,"Seasonally adjusted, working day adjusted, constant prices",2019M03,2019-03-01
47.71 clothing stores,117.5,"Seasonally adjusted, working day adjusted, constant prices",2019M03,2019-03-01
"47.74+47.75 retail sale of medical, cosmetic and toilet articles",99.3,"Seasonally adjusted, working day adjusted, constant prices",2019M03,2019-03-01
47.11+47.2 retail sale with mostly food,,"Seasonally adjusted, working day adjusted, constant prices",2019M04,2019-04-01
47.591-47.592 specialised stores for home furniture; specialised stores for office furniture,95.8,"Seasonally adjusted, working day adjusted, constant prices",2019M04,2019-04-01
47.64 sports shops,91.8,"Seasonally adjusted, working day adjusted, constant prices",2019M04,2019-04-01
47.71 clothing stores,120.2,"Seasonally adjusted, working day adjusted, constant prices",2019M04,2019-04-01
"47.74+47.75 retail sale of medical, cosmetic and toilet articles",100.3,"Seasonally adjusted, working day adjusted, constant prices",2019M04,2019-04-01
47.11+47.2 retail sale with mostly food,,"Seasonally adjusted, working day adjusted, constant prices",2019M05,2019-05-01
47.591-47.592 specialised stores for home furniture; specialised stores for office furniture,96.5,"Seasonally adjusted, working day adjusted, constant prices",2019M05,2019-05-01
47.64 sports shops,85.6,"Seasonally adjusted, working day adjusted, constant prices",2019M05,2019-05-01
47.71 clothing stores,110.7,"Seasonally adjusted, working day adjusted, constant prices",2019M05,2019-05-01
"47.74+47.75 retail sale of medical, cosmetic and toilet articles",96.7,"Seasonally adjusted, working day adjusted, constant prices",2019M05,2019-05-01
47.11+47.2 retail sale with mostly food,,"Seasonally adjusted, working day adjusted, constant prices",2019M06,2019-06-01
47.591-47.592 specialised stores for home furniture; specialised stores for office furniture,94.6,"Seasonally adjusted, working day adjusted, constant prices",2019M06,2019-06-01
47.64 sports shops,89.5,"Seasonally adjusted, working day adjusted, constant prices",2019M06,2019-06-01
47.71 clothing stores,116.6,"Seasonally adjusted, working day adjusted, constant prices",2019M06,2019-06-01
"47.74+47.75 retail sale of medical, cosmetic and toilet articles",92.6,"Seasonally adjusted, working day adjusted, constant prices",2019M06,2019-06-01
47.11+47.2 retail sale with mostly food,,"Seasonally adjusted, working day adjusted, constant prices",2019M07,2019-07-01
47.591-47.592 specialised stores for home furniture; specialised stores for office furniture,98.3,"Seasonally adjusted, working day adjusted, constant prices",2019M07,2019-07-01
47.64 sports shops,90.7,"Seasonally adjusted, working day adjusted, constant prices",2019M07,2019-07-01
47.71 clothing stores,118.2,"Seasonally adjusted, working day adjusted, constant prices",2019M07,2019-07-01
"47.74+47.75 retail sale of medical, cosmetic and toilet articles",92.5,"Seasonally adjusted, working day adjusted, constant prices",2019M07,2019-07-01
47.11+47.2 retail sale with mostly food,,"Seasonally adjusted, working day adjusted, constant prices",2019M08,2019-08-01
47.591-47.592 specialised stores for home furniture; specialised stores for office furniture,99.0,"Seasonally adjusted, working day adjusted, constant prices",2019M08,2019-08-01
47.64 sports shops,91.3,"Seasonally adjusted, working day adjusted, constant prices",2019M08,2019-08-01
47.71 clothing stores,116.8,"Seasonally adjusted, working day adjusted, constant prices",2019M08,2019-08-01
"47.74+47.75 retail sale of medical, cosmetic and toilet articles",95.8,"Seasonally adjusted, working day adjusted, constant prices",2019M08,2019-08-01
47.11+47.2 retail sale with mostly food,,"Seasonally adjusted, working day adjusted, constant prices",2019M09,2019-09-01
47.591-47.592 specialised stores for home furniture; specialised stores for office furniture,96.0,"Seasonally adjusted, working day adjusted, constant prices",2019M09,2019-09-01
47.64 sports shops,93.3,"Seasonally adjusted, working day adjusted, constant prices",2019M09,2019-09-01
47.71 clothing stores,117.9,"Seasonally adjusted, working day adjusted, constant prices",2019M09,2019-09-01
"47.74+47.75 retail sale of medical, cosmetic and toilet articles",94.8,"Seasonally adjusted, working day adjusted, constant prices",2019M09,2019-09-01
47.11+47.2 retail sale with mostly food,,"Seasonally adjusted, working day adjusted, constant prices",2019M10,2019-10-01
47.591-47.592 specialised stores for home furniture; specialised stores for office furniture,97.5,"Seasonally adjusted, working day adjusted, constant prices",2019M10,2019-10-01
47.64 sports shops,93.4,"Seasonally adjusted, working day adjusted, constant prices",2019M10,2019-10-01
47.71 clothing stores,113.8,"Seasonally adjusted, working day adjusted, constant prices",2019M10,2019-10-01
"47.74+47.75 retail sale of medical, cosmetic and toilet articles",92.2,"Seasonally adjusted, working day adjusted, constant prices",2019M10,2019-10-01
47.11+47.2 retail sale with mostly food,,"Seasonally adjusted, working day adjusted, constant prices",2019M11,2019-11-01
47.591-47.592 specialised stores for home furniture; specialised stores for office furniture,98.6,"Seasonally adjusted, working day adjusted, constant prices",2019M11,2019-11-01
47.64 sports shops,83.4,"Seasonally adjusted, working day adjusted, constant prices",2019M11,2019-11-01
47.71 clothing stores,108.9,"Seasonally adjusted, working day adjusted, constant prices",2019M11,2019-11-01
"47.74+47.75 retail sale of medical, cosmetic and toilet articles",91.7,"Seasonally adjusted, working day adjusted, constant prices",2019M11,2019-11-01
47.11+47.2 retail sale with mostly food,,"Seasonally adjusted, working day adjusted, constant prices",2019M12,2019-12-01
47.591-47.592 specialised stores for home furniture; specialised stores for office furniture,99.6,"Seasonally adjusted, working day adjusted, constant prices",2019M12,2019-12-01
47.64 sports shops,89.1,"Seasonally adjusted, working day adjusted, constant prices",2019M12,2019-12-01
47.71 clothing stores,115.9,"Seasonally adjusted, working day adjusted, constant prices",2019M12,2019-12-01
"47.74+47.75 retail sale of medical, cosmetic and toilet articles",100.0,"Seasonally adjusted, working day adjusted, constant prices",2019M12,2019-12-01
47.11+47.2 retail sale with mostly food,,"Seasonally adjusted, working day adjusted, constant prices",2020M01,2020-01-01
47.591-47.592 specialised stores for home furniture; specialised stores for office furniture,99.5,"Seasonally adjusted, working day adjusted, constant prices",2020M01,2020-01-01
47.64 sports shops,89.5,"Seasonally adjusted, working day adjusted, constant prices",2020M01,2020-01-01
47.71 clothing stores,119.6,"Seasonally adjusted, working day adjusted, constant prices",2020M01,2020-01-01
"47.74+47.75 retail sale of medical, cosmetic and toilet articles",93.0,"Seasonally adjusted, working day adjusted, constant prices",2020M01,2020-01-01
47.11+47.2 retail sale with mostly food,,"Seasonally adjusted, working day adjusted, constant prices",2020M02,2020-02-01
47.591-47.592 specialised stores for home furniture; specialised stores for office furniture,102.9,"Seasonally adjusted, working day adjusted, constant prices",2020M02,2020-02-01
47.64 sports shops,97.7,"Seasonally adjusted, working day adjusted, constant prices",2020M02,2020-02-01
47.71 clothing stores,115.6,"Seasonally adjusted, working day adjusted, constant prices",2020M02,2020-02-01
"47.74+47.75 retail sale of medical, cosmetic and toilet articles",98.7,"Seasonally adjusted, working day adjusted, constant prices",2020M02,2020-02-01
47.11+47.2 retail sale with mostly food,,"Seasonally adjusted, working day adjusted, constant prices",2020M03,2020-03-01
47.591-47.592 specialised stores for home furniture; specialised stores for office furniture,90.2,"Seasonally adjusted, working day adjusted, constant prices",2020M03,2020-03-01
47.64 sports shops,86.6,"Seasonally adjusted, working day adjusted, constant prices",2020M03,2020-03-01
47.71 clothing stores,77.8,"Seasonally adjusted, working day adjusted, constant prices",2020M03,2020-03-01
"47.74+47.75 retail sale of medical, cosmetic and toilet articles",82.7,"Seasonally adjusted, working day adjusted, constant prices",2020M03,2020-03-01
47.11+47.2 retail sale with mostly food,,"Seasonally adjusted, working day adjusted, constant prices",2020M04,2020-04-01
47.591-47.592 specialised stores for home furniture; specialised stores for office furniture,93.1,"Seasonally adjusted, working day adjusted, constant prices",2020M04,2020-04-01
47.64 sports shops,93.5,"Seasonally adjusted, working day adjusted, constant prices",2020M04,2020-04-01
47.71 clothing stores,75.8,"Seasonally adjusted, working day adjusted, constant prices",2020M04,2020-04-01
"47.74+47.75 retail sale of medical, cosmetic and toilet articles",86.9,"Seasonally adjusted, working day adjusted, constant prices",2020M04,2020-04-01
47.11+47.2 retail sale with mostly food,,"Seasonally adjusted, working day adjusted, constant prices",2020M05,2020-05-01
47.591-47.592 specialised stores for home furniture; specialised stores for office furniture,98.1,"Seasonally adjusted, working day adjusted, constant prices",2020M05,2020-05-01
47.64 sports shops,97.8,"Seasonally adjusted, working day adjusted, constant prices",2020M05,2020-05-01
47.71 clothing stores,77.2,"Seasonally adjusted, working day adjusted, constant prices",2020M05,2020-05-01
"47.74+47.75 retail sale of medical, cosmetic and toilet articles",87.8,"Seasonally adjusted, working day adjusted, constant prices",2020M05,2020-05-01
47.11+47.2 retail sale with mostly food,,"Seasonally adjusted, working day adjusted, constant prices",2020M06,2020-06-01
47.591-47.592 specialised stores for home furniture; specialised stores for office furniture,102.5,"Seasonally adjusted, working day adjusted, constant prices",2020M06,2020-06-01
47.64 sports shops,105.6,"Seasonally adjusted, working day adjusted, constant prices",2020M06,2020-06-01
47.71 clothing stores,91.1,"Seasonally adjusted, working day adjusted, constant prices",2020M06,2020-06-01
"47.74+47.75 retail sale of medical, cosmetic and toilet articles",90.6,"Seasonally adjusted, working day adjusted, constant prices",2020M06,2020-06-01
47.11+47.2 retail sale with mostly food,,"Seasonally adjusted, working day adjusted, constant prices",2020M07,2020-07-01
47.591-47.592 specialised stores for home furniture; specialised stores for office furniture,101.1,"Seasonally adjusted, working day adjusted, constant prices",2020M07,2020-07-01
47.64 sports shops,99.6,"Seasonally adjusted, working day adjusted, constant prices",2020M07,2020-07-01
47.71 clothing stores,92.8,"Seasonally adjusted, working day adjusted, constant prices",2020M07,2020-07-01
"47.74+47.75 retail sale of medical, cosmetic and toilet articles",91.6,"Seasonally adjusted, working day adjusted, constant prices",2020M07,2020-07-01
47.11+47.2 retail sale with mostly food,,"Seasonally adjusted, working day adjusted, constant prices",2020M08,2020-08-01
47.591-47.592 specialised stores for home furniture; specialised stores for office furniture,89.5,"Seasonally adjusted, working day adjusted, constant prices",2020M08,2020-08-01
47.64 sports shops,95.1,"Seasonally adjusted, working day adjusted, constant prices",2020M08,2020-08-01
47.71 clothing stores,94.2,"Seasonally adjusted, working day adjusted, constant prices",2020M08,2020-08-01
"47.74+47.75 retail sale of medical, cosmetic and toilet articles",92.5,"Seasonally adjusted, working day adjusted, constant prices",2020M08,2020-08-01
47.11+47.2 retail sale with mostly food,,"Seasonally adjusted, working day adjusted, constant prices",2020M09,2020-09-01
47.591-47.592 specialised stores for home furniture; specialised stores for office furniture,101.0,"Seasonally adjusted, working day adjusted, constant prices",2020M09,2020-09-01
47.64 sports shops,96.1,"Seasonally adjusted, working day adjusted, constant prices",2020M09,2020-09-01
47.71 clothing stores,101.8,"Seasonally adjusted, working day adjusted, constant prices",2020M09,2020-09-01
"47.74+47.75 retail sale of medical, cosmetic and toilet articles",93.3,"Seasonally adjusted, working day adjusted, constant prices",2020M09,2020-09-01
47.11+47.2 retail sale with mostly food,,"Seasonally adjusted, working day adjusted, constant prices",2020M10,2020-10-01
47.591-47.592 specialised stores for home furniture; specialised stores for office furniture,101.1,"Seasonally adjusted, working day adjusted, constant prices",2020M10,2020-10-01
47.64 sports shops,96.6,"Seasonally adjusted, working day adjusted, constant prices",2020M10,2020-10-01
47.71 clothing stores,98.8,"Seasonally adjusted, working day adjusted, constant prices",2020M10,2020-10-01
"47.74+47.75 retail sale of medical, cosmetic and toilet articles",91.4,"Seasonally adjusted, working day adjusted, constant prices",2020M10,2020-10-01
47.11+47.2 retail sale with mostly food,,"Seasonally adjusted, working day adjusted, constant prices",2020M11,2020-11-01
47.591-47.592 specialised stores for home furniture; specialised stores for office furniture,96.0,"Seasonally adjusted, working day adjusted, constant prices",2020M11,2020-11-01
47.64 sports shops,90.3,"Seasonally adjusted, working day adjusted, constant prices",2020M11,2020-11-01
47.71 clothing stores,81.1,"Seasonally adjusted, working day adjusted, constant prices",2020M11,2020-11-01
"47.74+47.75 retail sale of medical, cosmetic and toilet articles",91.6,"Seasonally adjusted, working day adjusted, constant prices",2020M11,2020-11-01
47.11+47.2 retail sale with mostly food,,"Seasonally adjusted, working day adjusted, constant prices",2020M12,2020-12-01
47.591-47.592 specialised stores for home furniture; specialised stores for office furniture,97.7,"Seasonally adjusted, working day adjusted, constant prices",2020M12,2020-12-01
47.64 sports shops,84.4,"Seasonally adjusted, working day adjusted, constant prices",2020M12,2020-12-01
47.71 clothing stores,82.7,"Seasonally adjusted, working day adjusted, constant prices",2020M12,2020-12-01
"47.74+47.75 retail sale of medical, cosmetic and toilet articles",84.6,"Seasonally adjusted, working day adjusted, constant prices",2020M12,2020-12-01
47.11+47.2 retail sale with mostly food,,"Seasonally adjusted, working day adjusted, constant prices",2021M01,2021-01-01
47.591-47.592 specialised stores for home furniture; specialised stores for office furniture,94.1,"Seasonally adjusted, working day adjusted, constant prices",2021M01,2021-01-01
47.64 sports shops,113.1,"Seasonally adjusted, working day adjusted, constant prices",2021M01,2021-01-01
47.71 clothing stores,85.7,"Seasonally adjusted, working day adjusted, constant prices",2021M01,2021-01-01
"47.74+47.75 retail sale of medical, cosmetic and toilet articles",88.4,"Seasonally adjusted, working day adjusted, constant prices",2021M01,2021-01-01
47.11+47.2 retail sale with mostly food,,"Seasonally adjusted, working day adjusted, constant prices",2021M02,2021-02-01
47.591-47.592 specialised stores for home furniture; specialised stores for office furniture,103.9,"Seasonally adjusted, working day adjusted, constant prices",2021M02,2021-02-01
47.64 sports shops,105.8,"Seasonally adjusted, working day adjusted, constant prices",2021M02,2021-02-01
47.71 clothing stores,91.5,"Seasonally adjusted, working day adjusted, constant prices",2021M02,2021-02-01
"47.74+47.75 retail sale of medical, cosmetic and toilet articles",100.1,"Seasonally adjusted, working day adjusted, constant prices",2021M02,2021-02-01
47.11+47.2 retail sale with mostly food,,"Seasonally adjusted, working day adjusted, constant prices",2021M03,2021-03-01
47.591-47.592 specialised stores for home furniture; specialised stores for office furniture,105.2,"Seasonally adjusted, working day adjusted, constant prices",2021M03,2021-03-01
47.64 sports shops,103.3,"Seasonally adjusted, working day adjusted, constant prices",2021M03,2021-03-01
47.71 clothing stores,93.0,"Seasonally adjusted, working day adjusted, constant prices",2021M03,2021-03-01
"47.74+47.75 retail sale of medical, cosmetic and toilet articles",91.0,"Seasonally adjusted, working day adjusted, constant prices",2021M03,2021-03-01
47.11+47.2 retail sale with mostly food,,"Seasonally adjusted, working day adjusted, constant prices",2021M04,2021-04-01
47.591-47.592 specialised stores for home furniture; specialised stores for office furniture,105.6,"Seasonally adjusted, working day adjusted, constant prices",2021M04,2021-04-01
47.64 sports shops,99.5,"Seasonally adjusted, working day adjusted, constant prices",2021M04,2021-04-01
47.71 clothing stores,88.8,"Seasonally adjusted, working day adjusted, constant prices",2021M04,2021-04-01
"47.74+47.75 retail sale of medical, cosmetic and toilet articles",89.7,"Seasonally adjusted, working day adjusted, constant prices",2021M04,2021-04-01
47.11+47.2 retail sale with mostly food,,"Seasonally adjusted, working day adjusted, constant prices",2021M05,2021-05-01
47.591-47.592 specialised stores for home furniture; specialised stores for office furniture,105.1,"Seasonally adjusted, working day adjusted, constant prices",2021M05,2021-05-01
47.64 sports shops,101.4,"Seasonally adjusted, working day adjusted, constant prices",2021M05,2021-05-01
47.71 clothing stores,92.7,"Seasonally adjusted, working day adjusted, constant prices",2021M05,2021-05-01
"47.74+47.75 retail sale of medical, cosmetic and toilet articles",98.3,"Seasonally adjusted, working day adjusted, constant prices",2021M05,2021-05-01
47.11+47.2 retail sale with mostly food,,"Seasonally adjusted, working day adjusted, constant prices",2021M06,2021-06-01
47.591-47.592 specialised stores for home furniture; specialised stores for office furniture,101.9,"Seasonally adjusted, working day adjusted, constant prices",2021M06,2021-06-01
47.64 sports shops,100.2,"Seasonally adjusted, working day adjusted, constant prices",2021M06,2021-06-01
47.71 clothing stores,108.3,"Seasonally adjusted, working day adjusted, constant prices",2021M06,2021-06-01
"47.74+47.75 retail sale of medical, cosmetic and toilet articles",94.8,"Seasonally adjusted, working day adjusted, constant prices",2021M06,2021-06-01
47.11+47.2 retail sale with mostly food,,"Seasonally adjusted, working day adjusted, constant prices",2021M07,2021-07-01
47.591-47.592 specialised stores for home furniture; specialised stores for office furniture,98.6,"Seasonally adjusted, working day adjusted, constant prices",2021M07,2021-07-01
47.64 sports shops,96.5,"Seasonally adjusted, working day adjusted, constant prices",2021M07,2021-07-01
47.71 clothing stores,107.9,"Seasonally adjusted, working day adjusted, constant prices",2021M07,2021-07-01
"47.74+47.75 retail sale of medical, cosmetic and toilet articles",105.0,"Seasonally adjusted, working day adjusted, constant prices",2021M07,2021-07-01
47.11+47.2 retail sale with mostly food,,"Seasonally adjusted, working day adjusted, constant prices",2021M08,2021-08-01
47.591-47.592 specialised stores for home furniture; specialised stores for office furniture,96.8,"Seasonally adjusted, working day adjusted, constant prices",2021M08,2021-08-01
47.64 sports shops,97.7,"Seasonally adjusted, working day adjusted, constant prices",2021M08,2021-08-01
47.71 clothing stores,106.6,"Seasonally adjusted, working day adjusted, constant prices",2021M08,2021-08-01
"47.74+47.75 retail sale of medical, cosmetic and toilet articles",99.9,"Seasonally adjusted, working day adjusted, constant prices",2021M08,2021-08-01
47.11+47.2 retail sale with mostly food,,"Seasonally adjusted, working day adjusted, constant prices",2021M09,2021-09-01
47.591-47.592 specialised stores for home furniture; specialised stores for office furniture,96.5,"Seasonally adjusted, working day adjusted, constant prices",2021M09,2021-09-01
47.64 sports shops,93.5,"Seasonally adjusted, working day adjusted, constant prices",2021M09,2021-09-01
47.71 clothing stores,99.7,"Seasonally adjusted, working day adjusted, constant prices",2021M09,2021-09-01
"47.74+47.75 retail sale of medical, cosmetic and toilet articles",103.7,"Seasonally adjusted, working day adjusted, constant prices",2021M09,2021-09-01
47.11+47.2 retail sale with mostly food,,"Seasonally adjusted, working day adjusted, constant prices",2021M10,2021-10-01
47.591-47.592 specialised stores for home furniture; specialised stores for office furniture,96.6,"Seasonally adjusted, working day adjusted, constant prices",2021M10,2021-10-01
47.64 sports shops,95.1,"Seasonally adjusted, working day adjusted, constant prices",2021M10,2021-10-01
47.71 clothing stores,106.0,"Seasonally adjusted, working day adjusted, constant prices",2021M10,2021-10-01
"47.74+47.75 retail sale of medical, cosmetic and toilet articles",113.4,"Seasonally adjusted, working day adjusted, constant prices",2021M10,2021-10-01
47.11+47.2 retail sale with mostly food,,"Seasonally adjusted, working day adjusted, constant prices",2021M11,2021-11-01
47.591-47.592 specialised stores for home furniture; specialised stores for office furniture,98.7,"Seasonally adjusted, working day adjusted, constant prices",2021M11,2021-11-01
47.64 sports shops,98.9,"Seasonally adjusted, working day adjusted, constant prices",2021M11,2021-11-01
47.71 clothing stores,107.3,"Seasonally adjusted, working day adjusted, constant prices",2021M11,2021-11-01
"47.74+47.75 retail sale of medical, cosmetic and toilet articles",109.6,"Seasonally adjusted, working day adjusted, constant prices",2021M11,2021-11-01
47.11+47.2 retail sale with mostly food,,"Seasonally adjusted, working day adjusted, constant prices",2021M12,2021-12-01
47.591-47.592 specialised stores for home furniture; specialised stores for office furniture,96.4,"Seasonally adjusted, working day adjusted, constant prices",2021M12,2021-12-01
47.64 sports shops,99.5,"Seasonally adjusted, working day adjusted, constant prices",2021M12,2021-12-01
47.71 clothing stores,103.9,"Seasonally adjusted, working day adjusted, constant prices",2021M12,2021-12-01
"47.74+47.75 retail sale of medical, cosmetic and toilet articles",101.7,"Seasonally adjusted, working day adjusted, constant prices",2021M12,2021-12-01
47.11+47.2 retail sale with mostly food,,"Seasonally adjusted, working day adjusted, constant prices",2022M01,2022-01-01
47.591-47.592 specialised stores for home furniture; specialised stores for office furniture,94.0,"Seasonally adjusted, working day adjusted, constant prices",2022M01,2022-01-01
47.64 sports shops,94.1,"Seasonally adjusted, working day adjusted, constant prices",2022M01,2022-01-01
47.71 clothing stores,84.8,"Seasonally adjusted, working day adjusted, constant prices",2022M01,2022-01-01
"47.74+47.75 retail sale of medical, cosmetic and toilet articles",100.2,"Seasonally adjusted, working day adjusted, constant prices",2022M01,2022-01-01
47.11+47.2 retail sale with mostly food,,"Seasonally adjusted, working day adjusted, constant prices",2022M02,2022-02-01
47.591-47.592 specialised stores for home furniture; specialised stores for office furniture,94.5,"Seasonally adjusted, working day adjusted, constant prices",2022M02,2022-02-01
47.64 sports shops,95.9,"Seasonally adjusted, working day adjusted, constant prices",2022M02,2022-02-01
47.71 clothing stores,104.8,"Seasonally adjusted, working day adjusted, constant prices",2022M02,2022-02-01
"47.74+47.75 retail sale of medical, cosmetic and toilet articles",105.6,"Seasonally adjusted, working day adjusted, constant prices",2022M02,2022-02-01
47.11+47.2 retail sale with mostly food,,"Seasonally adjusted, working day adjusted, constant prices",2022M03,2022-03-01
47.591-47.592 specialised stores for home furniture; specialised stores for office furniture,93.0,"Seasonally adjusted, working day adjusted, constant prices",2022M03,2022-03-01
47.64 sports shops,97.9,"Seasonally adjusted, working day adjusted, constant prices",2022M03,2022-03-01
47.71 clothing stores,106.9,"Seasonally adjusted, working day adjusted, constant prices",2022M03,2022-03-01
"47.74+47.75 retail sale of medical, cosmetic and toilet articles",98.8,"Seasonally adjusted, working day adjusted, constant prices",2022M03,2022-03-01
47.11+47.2 retail sale with mostly food,,"Seasonally adjusted, working day adjusted, constant prices",2022M04,2022-04-01
47.591-47.592 specialised stores for home furniture; specialised stores for office furniture,91.7,"Seasonally adjusted, working day adjusted, constant prices",2022M04,2022-04-01
47.64 sports shops,92.4,"Seasonally adjusted, working day adjusted, constant prices",2022M04,2022-04-01
47.71 clothing stores,120.0,"Seasonally adjusted, working day adjusted, constant prices",2022M04,2022-04-01
"47.74+47.75 retail sale of medical, cosmetic and toilet articles",107.7,"Seasonally adjusted, working day adjusted, constant prices",2022M04,2022-04-01
47.11+47.2 retail sale with mostly food,,"Seasonally adjusted, working day adjusted, constant prices",2022M05,2022-05-01
47.591-47.592 specialised stores for home furniture; specialised stores for office furniture,89.8,"Seasonally adjusted, working day adjusted, constant prices",2022M05,2022-05-01
47.64 sports shops,91.0,"Seasonally adjusted, working day adjusted, constant prices",2022M05,2022-05-01
47.71 clothing stores,111.2,"Seasonally adjusted, working day adjusted, constant prices",2022M05,2022-05-01
"47.74+47.75 retail sale of medical, cosmetic and toilet articles",114.7,"Seasonally adjusted, working day adjusted, constant prices",2022M05,2022-05-01
47.11+47.2 retail sale with mostly food,,"Seasonally adjusted, working day adjusted, constant prices",2022M06,2022-06-01
47.591-47.592 specialised stores for home furniture; specialised stores for office furniture,87.5,"Seasonally adjusted, working day adjusted, constant prices",2022M06,2022-06-01
47.64 sports shops,90.6,"Seasonally adjusted, working day adjusted, constant prices",2022M06,2022-06-01
47.71 clothing stores,109.2,"Seasonally adjusted, working day adjusted, constant prices",2022M06,2022-06-01
"47.74+47.75 retail sale of medical, cosmetic and toilet articles",101.1,"Seasonally adjusted, working day adjusted, constant prices",2022M06,2022-06-01
47.11+47.2 retail sale with mostly food,,"Seasonally adjusted, working day adjusted, constant prices",2022M07,2022-07-01
47.591-47.592 specialised stores for home furniture; specialised stores for office furniture,85.0,"Seasonally adjusted, working day adjusted, constant prices",2022M07,2022-07-01
47.64 sports shops,88.8,"Seasonally adjusted, working day adjusted, constant prices",2022M07,2022-07-01
47.71 clothing stores,106.3,"Seasonally adjusted, working day adjusted, constant prices",2022M07,2022-07-01
"47.74+47.75 retail sale of medical, cosmetic and toilet articles",99.0,"Seasonally adjusted, working day adjusted, constant prices",2022M07,2022-07-01
47.11+47.2 retail sale with mostly food,,"Seasonally adjusted, working day adjusted, constant prices",2022M08,2022-08-01
47.591-47.592 specialised stores for home furniture; specialised stores for office furniture,83.9,"Seasonally adjusted, working day adjusted, constant prices",2022M08,2022-08-01
47.64 sports shops,87.8,"Seasonally adjusted, working day adjusted, constant prices",2022M08,2022-08-01
47.71 clothing stores,102.1,"Seasonally adjusted, working day adjusted, constant prices",2022M08,2022-08-01
"47.74+47.75 retail sale of medical, cosmetic and toilet articles",100.0,"Seasonally adjusted, working day adjusted, constant prices",2022M08,2022-08-01
47.11+47.2 retail sale with mostly food,,"Seasonally adjusted, working day adjusted, constant prices",2022M09,2022-09-01
47.591-47.592 specialised stores for home furniture; specialised stores for office furniture,84.2,"Seasonally adjusted, working day adjusted, constant prices",2022M09,2022-09-01
47.64 sports shops,87.8,"Seasonally adjusted, working day adjusted, constant prices",2022M09,2022-09-01
47.71 clothing stores,109.2,"Seasonally adjusted, working day adjusted, constant prices",2022M09,2022-09-01
"47.74+47.75 retail sale of medical, cosmetic and toilet articles",99.8,"Seasonally adjusted, working day adjusted, constant prices",2022M09,2022-09-01
47.11+47.2 retail sale with mostly food,,"Seasonally adjusted, working day adjusted, constant prices",2022M10,2022-10-01
47.591-47.592 specialised stores for home furniture; specialised stores for office furniture,80.4,"Seasonally adjusted, working day adjusted, constant prices",2022M10,2022-10-01
47.64 sports shops,83.7,"Seasonally adjusted, working day adjusted, constant prices",2022M10,2022-10-01
47.71 clothing stores,108.4,"Seasonally adjusted, working day adjusted, constant prices",2022M10,2022-10-01
"47.74+47.75 retail sale of medical, cosmetic and toilet articles",97.4,"Seasonally adjusted, working day adjusted, constant prices",2022M10,2022-10-01
47.11+47.2 retail sale with mostly food,,"Seasonally adjusted, working day adjusted, constant prices",2022M11,2022-11-01
47.591-47.592 specialised stores for home furniture; specialised stores for office furniture,78.8,"Seasonally adjusted, working day adjusted, constant prices",2022M11,2022-11-01
47.64 sports shops,87.8,"Seasonally adjusted, working day adjusted, constant prices",2022M11,2022-11-01
47.71 clothing stores,110.6,"Seasonally adjusted, working day adjusted, constant prices",2022M11,2022-11-01
"47.74+47.75 retail sale of medical, cosmetic and toilet articles",100.2,"Seasonally adjusted, working day adjusted, constant prices",2022M11,2022-11-01
47.11+47.2 retail sale with mostly food,,"Seasonally adjusted, working day adjusted, constant prices",2022M12,2022-12-01
47.591-47.592 specialised stores for home furniture; specialised stores for office furniture,78.9,"Seasonally adjusted, working day adjusted, constant prices",2022M12,2022-12-01
47.64 sports shops,85.6,"Seasonally adjusted, working day adjusted, constant prices",2022M12,2022-12-01
47.71 clothing stores,110.8,"Seasonally adjusted, working day adjusted, constant prices",2022M12,2022-12-01
"47.74+47.75 retail sale of medical, cosmetic and toilet articles",95.3,"Seasonally adjusted, working day adjusted, constant prices",2022M12,2022-12-01
47.11+47.2 retail sale with mostly food,94.7,"Seasonally adjusted, working day adjusted, constant prices",2023M01,2023-01-01
47.591-47.592 specialised stores for home furniture; specialised stores for office furniture,77.3,"Seasonally adjusted, working day adjusted, constant prices",2023M01,2023-01-01
47.64 sports shops,88.0,"Seasonally adjusted, working day adjusted, constant prices",2023M01,2023-01-01
47.71 clothing stores,110.3,"Seasonally adjusted, working day adjusted, constant prices",2023M01,2023-01-01
"47.74+47.75 retail sale of medical, cosmetic and toilet articles",108.5,"Seasonally adjusted, working day adjusted, constant prices",2023M01,2023-01-01
47.11+47.2 retail sale with mostly food,93.4,"Seasonally adjusted, working day adjusted, constant prices",2023M02,2023-02-01
47.591-47.592 specialised stores for home furniture; specialised stores for office furniture,75.2,"Seasonally adjusted, working day adjusted, constant prices",2023M02,2023-02-01
47.64 sports shops,85.4,"Seasonally adjusted, working day adjusted, constant prices",2023M02,2023-02-01
47.71 clothing stores,111.2,"Seasonally adjusted, working day adjusted, constant prices",2023M02,2023-02-01
"47.74+47.75 retail sale of medical, cosmetic and toilet articles",90.0,"Seasonally adjusted, working day adjusted, constant prices",2023M02,2023-02-01
47.11+47.2 retail sale with mostly food,93.6,"Seasonally adjusted, working day adjusted, constant prices",2023M03,2023-03-01
47.591-47.592 specialised stores for home furniture; specialised stores for office furniture,74.5,"Seasonally adjusted, working day adjusted, constant prices",2023M03,2023-03-01
47.64 sports shops,80.0,"Seasonally adjusted, working day adjusted, constant prices",2023M03,2023-03-01
47.71 clothing stores,105.8,"Seasonally adjusted, working day adjusted, constant prices",2023M03,2023-03-01
"47.74+47.75 retail sale of medical, cosmetic and toilet articles",109.1,"Seasonally adjusted, working day adjusted, constant prices",2023M03,2023-03-01
47.11+47.2 retail sale with mostly food,93.9,"Seasonally adjusted, working day adjusted, constant prices",2023M04,2023-04-01
47.591-47.592 specialised stores for home furniture; specialised stores for office furniture,73.4,"Seasonally adjusted, working day adjusted, constant prices",2023M04,2023-04-01
47.64 sports shops,85.8,"Seasonally adjusted, working day adjusted, constant prices",2023M04,2023-04-01
47.71 clothing stores,107.3,"Seasonally adjusted, working day adjusted, constant prices",2023M04,2023-04-01
"47.74+47.75 retail sale of medical, cosmetic and toilet articles",112.1,"Seasonally adjusted, working day adjusted, constant prices",2023M04,2023-04-01
47.11+47.2 retail sale with mostly food,94.6,"Seasonally adjusted, working day adjusted, constant prices",2023M05,2023-05-01
47.591-47.592 specialised stores for home furniture; specialised stores for office furniture,73.6,"Seasonally adjusted, working day adjusted, constant prices",2023M05,2023-05-01
47.64 sports shops,86.2,"Seasonally adjusted, working day adjusted, constant prices",2023M05,2023-05-01
47.71 clothing stores,104.7,"Seasonally adjusted, working day adjusted, constant prices",2023M05,2023-05-01
"47.74+47.75 retail sale of medical, cosmetic and toilet articles",111.0,"Seasonally adjusted, working day adjusted, constant prices",2023M05,2023-05-01
47.11+47.2 retail sale with mostly food,95.3,"Seasonally adjusted, working day adjusted, constant prices",2023M06,2023-06-01
47.591-47.592 specialised stores for home furniture; specialised stores for office furniture,73.6,"Seasonally adjusted, working day adjusted, constant prices",2023M06,2023-06-01
47.64 sports shops,84.6,"Seasonally adjusted, working day adjusted, constant prices",2023M06,2023-06-01
47.71 clothing stores,106.0,"Seasonally adjusted, working day adjusted, constant prices",2023M06,2023-06-01
"47.74+47.75 retail sale of medical, cosmetic and toilet articles",115.3,"Seasonally adjusted, working day adjusted, constant prices",2023M06,2023-06-01
47.11+47.2 retail sale with mostly food,95.0,"Seasonally adjusted, working day adjusted, constant prices",2023M07,2023-07-01
47.591-47.592 specialised stores for home furniture; specialised stores for office furniture,77.8,"Seasonally adjusted, working day adjusted, constant prices",2023M07,2023-07-01
47.64 sports shops,86.6,"Seasonally adjusted, working day adjusted, constant prices",2023M07,2023-07-01
47.71 clothing stores,101.4,"Seasonally adjusted, working day adjusted, constant prices",2023M07,2023-07-01
"47.74+47.75 retail sale of medical, cosmetic and toilet articles",112.1,"Seasonally adjusted, working day adjusted, constant prices",2023M07,2023-07-01
47.11+47.2 retail sale with mostly food,94.8,"Seasonally adjusted, working day adjusted, constant prices",2023M08,2023-08-01
47.591-47.592 specialised stores for home furniture; specialised stores for office furniture,77.5,"Seasonally adjusted, working day adjusted, constant prices",2023M08,2023-08-01
47.64 sports shops,79.5,"Seasonally adjusted, working day adjusted, constant prices",2023M08,2023-08-01
47.71 clothing stores,102.3,"Seasonally adjusted, working day adjusted, constant prices",2023M08,2023-08-01
"47.74+47.75 retail sale of medical, cosmetic and toilet articles",112.0,"Seasonally adjusted, working day adjusted, constant prices",2023M08,2023-08-01
47.11+47.2 retail sale with mostly food,94.4,"Seasonally adjusted, working day adjusted, constant prices",2023M09,2023-09-01
47.591-47.592 specialised stores for home furniture; specialised stores for office furniture,68.3,"Seasonally adjusted, working day adjusted, constant prices",2023M09,2023-09-01
47.64 sports shops,83.3,"Seasonally adjusted, working day adjusted, constant prices",2023M09,2023-09-01
47.71 clothing stores,94.9,"Seasonally adjusted, working day adjusted, constant prices",2023M09,2023-09-01
"47.74+47.75 retail sale of medical, cosmetic and toilet articles",101.8,"Seasonally adjusted, working day adjusted, constant prices",2023M09,2023-09-01
47.11+47.2 retail sale with mostly food,95.0,"Seasonally adjusted, working day adjusted, constant prices",2023M10,2023-10-01
47.591-47.592 specialised stores for home furniture; specialised stores for office furniture,71.0,"Seasonally adjusted, working day adjusted, constant prices",2023M10,2023-10-01
47.64 sports shops,85.4,"Seasonally adjusted, working day adjusted, constant prices",2023M10,2023-10-01
47.71 clothing stores,100.0,"Seasonally adjusted, working day adjusted, constant prices",2023M10,2023-10-01
"47.74+47.75 retail sale of medical, cosmetic and toilet articles",103.6,"Seasonally adjusted, working day adjusted, constant prices",2023M10,2023-10-01
47.11+47.2 retail sale with mostly food,94.4,"Seasonally adjusted, working day adjusted, constant prices",2023M11,2023-11-01
47.591-47.592 specialised stores for home furniture; specialised stores for office furniture,70.8,"Seasonally adjusted, working day adjusted, constant prices",2023M11,2023-11-01
47.64 sports shops,87.0,"Seasonally adjusted, working day adjusted, constant prices",2023M11,2023-11-01
47.71 clothing stores,101.9,"Seasonally adjusted, working day adjusted, constant prices",2023M11,2023-11-01
"47.74+47.75 retail sale of medical, cosmetic and toilet articles",112.2,"Seasonally adjusted, working day adjusted, constant prices",2023M11,2023-11-01
47.11+47.2 retail sale with mostly food,94.9,"Seasonally adjusted, working day adjusted, constant prices",2023M12,2023-12-01
47.591-47.592 specialised stores for home furniture; specialised stores for office furniture,69.2,"Seasonally adjusted, working day adjusted, constant prices",2023M12,2023-12-01
47.64 sports shops,78.5,"Seasonally adjusted, working day adjusted, constant prices",2023M12,2023-12-01
47.71 clothing stores,99.4,"Seasonally adjusted, working day adjusted, constant prices",2023M12,2023-12-01
"47.74+47.75 retail sale of medical, cosmetic and toilet articles",120.9,"Seasonally adjusted, working day adjusted, constant prices",2023M12,2023-12-01
47.11+47.2 retail sale with mostly food,95.4,"Seasonally adjusted, working day adjusted, constant prices",2024M01,2024-01-01
47.591-47.592 specialised stores for home furniture; specialised stores for office furniture,70.0,"Seasonally adjusted, working day adjusted, constant prices",2024M01,2024-01-01
47.64 sports shops,78.6,"Seasonally adjusted, working day adjusted, constant prices",2024M01,2024-01-01
47.71 clothing stores,101.0,"Seasonally adjusted, working day adjusted, constant prices",2024M01,2024-01-01
"47.74+47.75 retail sale of medical, cosmetic and toilet articles",126.1,"Seasonally adjusted, working day adjusted, constant prices",2024M01,2024-01-01
47.11+47.2 retail sale with mostly food,95.5,"Seasonally adjusted, working day adjusted, constant prices",2024M02,2024-02-01
47.591-47.592 specialised stores for home furniture; specialised stores for office furniture,68.8,"Seasonally adjusted, working day adjusted, constant prices",2024M02,2024-02-01
47.64 sports shops,79.4,"Seasonally adjusted, working day adjusted, constant prices",2024M02,2024-02-01
47.71 clothing stores,100.6,"Seasonally adjusted, working day adjusted, constant prices",2024M02,2024-02-01
"47.74+47.75 retail sale of medical, cosmetic and toilet articles",123.7,"Seasonally adjusted, working day adjusted, constant prices",2024M02,2024-02-01
47.11+47.2 retail sale with mostly food,95.4,"Seasonally adjusted, working day adjusted, constant prices",2024M03,2024-03-01
47.591-47.592 specialised stores for home furniture; specialised stores for office furniture,68.2,"Seasonally adjusted, working day adjusted, constant prices",2024M03,2024-03-01
47.64 sports shops,74.4,"Seasonally adjusted, working day adjusted, constant prices",2024M03,2024-03-01
47.71 clothing stores,96.8,"Seasonally adjusted, working day adjusted, constant prices",2024M03,2024-03-01
"47.74+47.75 retail sale of medical, cosmetic and toilet articles",129.9,"Seasonally adjusted, working day adjusted, constant prices",2024M03,2024-03-01
47.11+47.2 retail sale with mostly food,95.1,"Seasonally adjusted, working day adjusted, constant prices",2024M04,2024-04-01
47.591-47.592 specialised stores for home furniture; specialised stores for office furniture,70.4,"Seasonally adjusted, working day adjusted, constant prices",2024M04,2024-04-01
47.64 sports shops,79.1,"Seasonally adjusted, working day adjusted, constant prices",2024M04,2024-04-01
47.71 clothing stores,98.5,"Seasonally adjusted, working day adjusted, constant prices",2024M04,2024-04-01
"47.74+47.75 retail sale of medical, cosmetic and toilet articles",124.7,"Seasonally adjusted, working day adjusted, constant prices",2024M04,2024-04-01
47.11+47.2 retail sale with mostly food,95.9,"Seasonally adjusted, working day adjusted, constant prices",2024M05,2024-05-01
47.591-47.592 specialised stores for home furniture; specialised stores for office furniture,66.7,"Seasonally adjusted, working day adjusted, constant prices",2024M05,2024-05-01
47.64 sports shops,84.0,"Seasonally adjusted, working day adjusted, constant prices",2024M05,2024-05-01
47.71 clothing stores,105.2,"Seasonally adjusted, working day adjusted, constant prices",2024M05,2024-05-01
"47.74+47.75 retail sale of medical, cosmetic and toilet articles",128.5,"Seasonally adjusted, working day adjusted, constant prices",2024M05,2024-05-01
47.11+47.2 retail sale with mostly food,95.7,"Seasonally adjusted, working day adjusted, constant prices",2024M06,2024-06-01
47.591-47.592 specialised stores for home furniture; specialised stores for office furniture,71.1,"Seasonally adjusted, working day adjusted, constant prices",2024M06,2024-06-01
47.64 sports shops,78.4,"Seasonally adjusted, working day adjusted, constant prices",2024M06,2024-06-01
47.71 clothing stores,88.7,"Seasonally adjusted, working day adjusted, constant prices",2024M06,2024-06-01
"47.74+47.75 retail sale of medical, cosmetic and toilet articles",121.9,"Seasonally adjusted, working day adjusted, constant prices",2024M06,2024-06-01
47.11+47.2 retail sale with mostly food,94.7,"Seasonally adjusted, working day adjusted, constant prices",2024M07,2024-07-01
47.591-47.592 specialised stores for home furniture; specialised stores for office furniture,71.2,"Seasonally adjusted, working day adjusted, constant prices",2024M07,2024-07-01
47.64 sports shops,79.4,"Seasonally adjusted, working day adjusted, constant prices",2024M07,2024-07-01
47.71 clothing stores,96.2,"Seasonally adjusted, working day adjusted, constant prices",2024M07,2024-07-01
"47.74+47.75 retail sale of medical, cosmetic and toilet articles",125.7,"Seasonally adjusted, working day adjusted, constant prices",2024M07,2024-07-01
47.11+47.2 retail sale with mostly food,95.2,"Seasonally adjusted, working day adjusted, constant prices",2024M08,2024-08-01
47.591-47.592 specialised stores for home furniture; specialised stores for office furniture,71.1,"Seasonally adjusted, working day adjusted, constant prices",2024M08,2024-08-01
47.64 sports shops,81.6,"Seasonally adjusted, working day adjusted, constant prices",2024M08,2024-08-01
47.71 clothing stores,94.0,"Seasonally adjusted, working day adjusted, constant prices",2024M08,2024-08-01
"47.74+47.75 retail sale of medical, cosmetic and toilet articles",129.3,"Seasonally adjusted, working day adjusted, constant prices",2024M08,2024-08-01
47.11+47.2 retail sale with mostly food,95.8,"Seasonally adjusted, working day adjusted, constant prices",2024M09,2024-09-01
47.591-47.592 specialised stores for home furniture; specialised stores for office furniture,67.6,"Seasonally adjusted, working day adjusted, constant prices",2024M09,2024-09-01
47.64 sports shops,81.4,"Seasonally adjusted, working day adjusted, constant prices",2024M09,2024-09-01
47.71 clothing stores,93.2,"Seasonally adjusted, working day adjusted, constant prices",2024M09,2024-09-01
"47.74+47.75 retail sale of medical, cosmetic and toilet articles",129.0,"Seasonally adjusted, working day adjusted, constant prices",2024M09,2024-09-01
47.11+47.2 retail sale with mostly food,95.6,"Seasonally adjusted, working day adjusted, constant prices",2024M10,2024-10-01
47.591-47.592 specialised stores for home furniture; specialised stores for office furniture,73.4,"Seasonally adjusted, working day adjusted, constant prices",2024M10,2024-10-01
47.64 sports shops,82.9,"Seasonally adjusted, working day adjusted, constant prices",2024M10,2024-10-01
47.71 clothing stores,94.9,"Seasonally adjusted, working day adjusted, constant prices",2024M10,2024-10-01
"47.74+47.75 retail sale of medical, cosmetic and toilet articles",124.1,"Seasonally adjusted, working day adjusted, constant prices",2024M10,2024-10-01
47.11+47.2 retail sale with mostly food,95.0,"Seasonally adjusted, working day adjusted, constant prices",2024M11,2024-11-01
47.591-47.592 specialised stores for home furniture; specialised stores for office furniture,73.4,"Seasonally adjusted, working day adjusted, constant prices",2024M11,2024-11-01
47.64 sports shops,83.9,"Seasonally adjusted, working day adjusted, constant prices",2024M11,2024-11-01
47.71 clothing stores,91.6,"Seasonally adjusted, working day adjusted, constant prices",2024M11,2024-11-01
"47.74+47.75 retail sale of medical, cosmetic and toilet articles",123.7,"Seasonally adjusted, working day adjusted, constant prices",2024M11,2024-11-01
47.11+47.2 retail sale with mostly food,96.6,"Seasonally adjusted, working day adjusted, constant prices",2024M12,2024-12-01
47.591-47.592 specialised stores for home furniture; specialised stores for office furniture,74.9,"Seasonally adjusted, working day adjusted, constant prices",2024M12,2024-12-01
47.64 sports shops,86.3,"Seasonally adjusted, working day adjusted, constant prices",2024M12,2024-12-01
47.71 clothing stores,100.8,"Seasonally adjusted, working day adjusted, constant prices",2024M12,2024-12-01
"47.74+47.75 retail sale of medical, cosmetic and toilet articles",142.6,"Seasonally adjusted, working day adjusted, constant prices",2024M12,2024-12-01
47.11+47.2 retail sale with mostly food,95.7,"Seasonally adjusted, working day adjusted, constant prices",2025M01,2025-01-01
47.591-47.592 specialised stores for home furniture; specialised stores for office furniture,73.4,"Seasonally adjusted, working day adjusted, constant prices",2025M01,2025-01-01
47.64 sports shops,82.7,"Seasonally adjusted, working day adjusted, constant prices",2025M01,2025-01-01
47.71 clothing stores,93.0,"Seasonally adjusted, working day adjusted, constant prices",2025M01,2025-01-01
"47.74+47.75 retail sale of medical, cosmetic and toilet articles",124.7,"Seasonally adjusted, working day adjusted, constant prices",2025M01,2025-01-01
47.11+47.2 retail sale with mostly food,95.8,"Seasonally adjusted, working day adjusted, constant prices",2025M02,2025-02-01
47.591-47.592 specialised stores for home furniture; specialised stores for office furniture,76.3,"Seasonally adjusted, working day adjusted, constant prices",2025M02,2025-02-01
47.64 sports shops,82.3,"Seasonally adjusted, working day adjusted, constant prices",2025M02,2025-02-01
47.71 clothing stores,92.4,"Seasonally adjusted, working day adjusted, constant prices",2025M02,2025-02-01
"47.74+47.75 retail sale of medical, cosmetic and toilet articles",124.9,"Seasonally adjusted, working day adjusted, constant prices",2025M02,2025-02-01
47.11+47.2 retail sale with mostly food,95.5,"Seasonally adjusted, working day adjusted, constant prices",2025M03,2025-03-01
47.591-47.592 specialised stores for home furniture; specialised stores for office furniture,74.8,"Seasonally adjusted, working day adjusted, constant prices",2025M03,2025-03-01
47.64 sports shops,84.2,"Seasonally adjusted, working day adjusted, constant prices",2025M03,2025-03-01
47.71 clothing stores,95.4,"Seasonally adjusted, working day adjusted, constant prices",2025M03,2025-03-01
"47.74+47.75 retail sale of medical, cosmetic and toilet articles",121.1,"Seasonally adjusted, working day adjusted, constant prices",2025M03,2025-03-01
47.11+47.2 retail sale with mostly food,96.8,"Seasonally adjusted, working day adjusted, constant prices",2025M04,2025-04-01
47.591-47.592 specialised stores for home furniture; specialised stores for office furniture,75.2,"Seasonally adjusted, working day adjusted, constant prices",2025M04,2025-04-01
47.64 sports shops,84.1,"Seasonally adjusted, working day adjusted, constant prices",2025M04,2025-04-01
47.71 clothing stores,99.3,"Seasonally adjusted, working day adjusted, constant prices",2025M04,2025-04-01
"47.74+47.75 retail sale of medical, cosmetic and toilet articles",122.3,"Seasonally adjusted, working day adjusted, constant prices",2025M04,2025-04-01
47.11+47.2 retail sale with mostly food,94.0,"Seasonally adjusted, working day adjusted, constant prices",2025M05,2025-05-01
47.591-47.592 specialised stores for home furniture; specialised stores for office furniture,74.4,"Seasonally adjusted, working day adjusted, constant prices",2025M05,2025-05-01
47.64 sports shops,77.5,"Seasonally adjusted, working day adjusted, constant prices",2025M05,2025-05-01
47.71 clothing stores,90.0,"Seasonally adjusted, working day adjusted, constant prices",2025M05,2025-05-01
"47.74+47.75 retail sale of medical, cosmetic and toilet articles",124.4,"Seasonally adjusted, working day adjusted, constant prices",2025M05,2025-05-01
47.11+47.2 retail sale with mostly food,94.4,"Seasonally adjusted, working day adjusted, constant prices",2025M06,2025-06-01
47.591-47.592 specialised stores for home furniture; specialised stores for office furniture,74.5,"Seasonally adjusted, working day adjusted, constant prices",2025M06,2025-06-01
47.64 sports shops,81.9,"Seasonally adjusted, working day adjusted, constant prices",2025M06,2025-06-01
47.71 clothing stores,94.3,"Seasonally adjusted, working day adjusted, constant prices",2025M06,2025-06-01
"47.74+47.75 retail sale of medical, cosmetic and toilet articles",134.6,"Seasonally adjusted, working day adjusted, constant prices",2025M06,2025-06-01
47.11+47.2 retail sale with mostly food,95.8,"Seasonally adjusted, working day adjusted, constant prices",2025M07,2025-07-01
47.591-47.592 specialised stores for home furniture; specialised stores for office furniture,75.0,"Seasonally adjusted, working day adjusted, constant prices",2025M07,2025-07-01
47.64 sports shops,81.1,"Seasonally adjusted, working day adjusted, constant prices",2025M07,2025-07-01
47.71 clothing stores,98.0,"Seasonally adjusted, working day adjusted, constant prices",2025M07,2025-07-01
"47.74+47.75 retail sale of medical, cosmetic and toilet articles",120.5,"Seasonally adjusted, working day adjusted, constant prices",2025M07,2025-07-01
47.11+47.2 retail sale with mostly food,95.7,"Seasonally adjusted, working day adjusted, constant prices",2025M08,2025-08-01
47.591-47.592 specialised stores for home furniture; specialised stores for office furniture,76.4,"Seasonally adjusted, working day adjusted, constant prices",2025M08,2025-08-01
47.64 sports shops,83.0,"Seasonally adjusted, working day adjusted, constant prices",2025M08,2025-08-01
47.71 clothing stores,99.0,"Seasonally adjusted, working day adjusted, constant prices",2025M08,2025-08-01
"47.74+47.75 retail sale of medical, cosmetic and toilet articles",131.1,"Seasonally adjusted, working day adjusted, constant prices",2025M08,2025-08-01
47.11+47.2 retail sale with mostly food,95.9,"Seasonally adjusted, working day adjusted, constant prices",2025M09,2025-09-01
47.591-47.592 specialised stores for home furniture; specialised stores for office furniture,76.6,"Seasonally adjusted, working day adjusted, constant prices",2025M09,2025-09-01
47.64 sports shops,85.8,"Seasonally adjusted, working day adjusted, constant prices",2025M09,2025-09-01
47.71 clothing stores,98.0,"Seasonally adjusted, working day adjusted, constant prices",2025M09,2025-09-01
"47.74+47.75 retail sale of medical, cosmetic and toilet articles",137.6,"Seasonally adjusted, working day adjusted, constant prices",2025M09,2025-09-01
47.11+47.2 retail sale with mostly food,96.1,"Seasonally adjusted, working day adjusted, constant prices",2025M10,2025-10-01
47.591-47.592 specialised stores for home furniture; specialised stores for office furniture,77.6,"Seasonally adjusted, working day adjusted, constant prices",2025M10,2025-10-01
47.64 sports shops,82.8,"Seasonally adjusted, working day adjusted, constant prices",2025M10,2025-10-01
47.71 clothing stores,97.2,"Seasonally adjusted, working day adjusted, constant prices",2025M10,2025-10-01
"47.74+47.75 retail sale of medical, cosmetic and toilet articles",160.0,"Seasonally adjusted, working day adjusted, constant prices",2025M10,2025-10-01
47.11+47.2 retail sale with mostly food,96.5,"Seasonally adjusted, working day adjusted, constant prices",2025M11,2025-11-01
47.591-47.592 specialised stores for home furniture; specialised stores for office furniture,78.2,"Seasonally adjusted, working day adjusted, constant prices",2025M11,2025-11-01
47.64 sports shops,82.7,"Seasonally adjusted, working day adjusted, constant prices",2025M11,2025-11-01
47.71 clothing stores,98.6,"Seasonally adjusted, working day adjusted, constant prices",2025M11,2025-11-01
"47.74+47.75 retail sale of medical, cosmetic and toilet articles",144.6,"Seasonally adjusted, working day adjusted, constant prices",2025M11,2025-11-01
47.11+47.2 retail sale with mostly food,96.1,"Seasonally adjusted, working day adjusted, constant prices",2025M12,2025-12-01
47.591-47.592 specialised stores for home furniture; specialised stores for office furniture,78.5,"Seasonally adjusted, working day adjusted, constant prices",2025M12,2025-12-01
47.64 sports shops,82.6,"Seasonally adjusted, working day adjusted, constant prices",2025M12,2025-12-01
47.71 clothing stores,97.1,"Seasonally adjusted, working day adjusted, constant prices",2025M12,2025-12-01
"47.74+47.75 retail sale of medical, cosmetic and toilet articles",139.9,"Seasonally adjusted, working day adjusted, constant prices",2025M12,2025-12-01
47.11+47.2 retail sale with mostly food,96.2,"Seasonally adjusted, working day adjusted, constant prices",2026M01,2026-01-01
47.591-47.592 specialised stores for home furniture; specialised stores for office furniture,78.8,"Seasonally adjusted, working day adjusted, constant prices",2026M01,2026-01-01
47.64 sports shops,87.6,"Seasonally adjusted, working day adjusted, constant prices",2026M01,2026-01-01
47.71 clothing stores,95.5,"Seasonally adjusted, working day adjusted, constant prices",2026M01,2026-01-01
"47.74+47.75 retail sale of medical, cosmetic and toilet articles",137.4,"Seasonally adjusted, working day adjusted, constant prices",2026M01,2026-01-01
47.11+47.2 retail sale with mostly food,95.7,"Seasonally adjusted, working day adjusted, constant prices",2026M02,2026-02-01
47.591-47.592 specialised stores for home furniture; specialised stores for office furniture,78.0,"Seasonally adjusted, working day adjusted, constant prices",2026M02,2026-02-01
47.64 sports shops,85.3,"Seasonally adjusted, working day adjusted, constant prices",2026M02,2026-02-01
47.71 clothing stores,95.9,"Seasonally adjusted, working day adjusted, constant prices",2026M02,2026-02-01
"47.74+47.75 retail sale of medical, cosmetic and toilet articles",142.7,"Seasonally adjusted, working day adjusted, constant prices",2026M02,2026-02-01
47.11+47.2 retail sale with mostly food,97.3,"Seasonally adjusted, working day adjusted, constant prices",2026M03,2026-03-01
47.591-47.592 specialised stores for home furniture; specialised stores for office furniture,80.6,"Seasonally adjusted, working day adjusted, constant prices",2026M03,2026-03-01
47.64 sports shops,86.6,"Seasonally adjusted, working day adjusted, constant prices",2026M03,2026-03-01
47.71 clothing stores,102.4,"Seasonally adjusted, working day adjusted, constant prices",2026M03,2026-03-01
"47.74+47.75 retail sale of medical, cosmetic and toilet articles",143.9,"Seasonally adjusted, working day adjusted, constant prices",2026M03,2026-03-01
47.11+47.2 retail sale with mostly food,99.9,"Seasonally adjusted, working day adjusted, constant prices",2026M04,2026-04-01
47.591-47.592 specialised stores for home furniture; specialised stores for office furniture,79.1,"Seasonally adjusted, working day adjusted, constant prices",2026M04,2026-04-01
47.64 sports shops,84.4,"Seasonally adjusted, working day adjusted, constant prices",2026M04,2026-04-01
47.71 clothing stores,99.0,"Seasonally adjusted, working day adjusted, constant prices",2026M04,2026-04-01
"47.74+47.75 retail sale of medical, cosmetic and toilet articles",145.8,"Seasonally adjusted, working day adjusted, constant prices",2026M04,2026-04-01
47.11+47.2 retail sale with mostly food,98.7,"Seasonally adjusted, working day adjusted, constant prices",2026M05,2026-05-01
47.591-47.592 specialised stores for home furniture; specialised stores for office furniture,81.4,"Seasonally adjusted, working day adjusted, constant prices",2026M05,2026-05-01
47.64 sports shops,85.0,"Seasonally adjusted, working day adjusted, constant prices",2026M05,2026-05-01
47.71 clothing stores,98.5,"Seasonally adjusted, working day adjusted, constant prices",2026M05,2026-05-01
"47.74+47.75 retail sale of medical, cosmetic and toilet articles",142.2,"Seasonally adjusted, working day adjusted, constant prices",2026M05,2026-05-01
47.11+47.2 retail sale with mostly food,98.8,"Seasonally adjusted, working day adjusted, constant prices",2026M06,2026-06-01
47.591-47.592 specialised stores for home furniture; specialised stores for office furniture,81.4,"Seasonally adjusted, working day adjusted, constant prices",2026M06,2026-06-01
47.64 sports shops,87.6,"Seasonally adjusted, working day adjusted, constant prices",2026M06,2026-06-01
47.71 clothing stores,100.5,"Seasonally adjusted, working day adjusted, constant prices",2026M06,2026-06-01
"47.74+47.75 retail sale of medical, cosmetic and toilet articles",149.1,"Seasonally adjusted, working day adjusted, constant prices",2026M06,2026-06-01
47.11+47.2 retail sale with mostly food,99.2,"Seasonally adjusted, working day adjusted, constant prices",2026M07,2026-07-01
47.591-47.592 specialised stores for home furniture; specialised stores for office furniture,82.0,"Seasonally adjusted, working day adjusted, constant prices",2026M07,2026-07-01
47.64 sports shops,86.3,"Seasonally adjusted, working day adjusted, constant prices",2026M07,2026-07-01
47.71 clothing stores,99.0,"Seasonally adjusted, working day adjusted, constant prices",2026M07,2026-07-01
"47.74+47.75 retail sale of medical, cosmetic and toilet articles",149.3,"Seasonally adjusted, working day adjusted, constant prices",2026M07,2026-07-01
47.11+47.2 retail sale with mostly food,,"Yearly development in percent, working day adjusted, constant prices",2015M01,2015-01-01
47.591-47.592 specialised stores for home furniture; specialised stores for office furniture,12.3,"Yearly development in percent, working day adjusted, constant prices",2015M01,2015-01-01
47.64 sports shops,5.8,"Yearly development in percent, working day adjusted, constant prices",2015M01,2015-01-01
47.71 clothing stores,7.2,"Yearly development in percent, working day adjusted, constant prices",2015M01,2015-01-01
"47.74+47.75 retail sale of medical, cosmetic and toilet articles",16.5,"Yearly development in percent, working day adjusted, constant prices",2015M01,2015-01-01
47.11+47.2 retail sale with mostly food,,"Yearly development in percent, working day adjusted, constant prices",2015M02,2015-02-01
47.591-47.592 specialised stores for home furniture; specialised stores for office furniture,6.3,"Yearly development in percent, working day adjusted, constant prices",2015M02,2015-02-01
47.64 sports shops,5.3,"Yearly development in percent, working day adjusted, constant prices",2015M02,2015-02-01
47.71 clothing stores,5.7,"Yearly development in percent, working day adjusted, constant prices",2015M02,2015-02-01
"47.74+47.75 retail sale of medical, cosmetic and toilet articles",13.2,"Yearly development in percent, working day adjusted, constant prices",2015M02,2015-02-01
47.11+47.2 retail sale with mostly food,,"Yearly development in percent, working day adjusted, constant prices",2015M03,2015-03-01
47.591-47.592 specialised stores for home furniture; specialised stores for office furniture,9.9,"Yearly development in percent, working day adjusted, constant prices",2015M03,2015-03-01
47.64 sports shops,4.5,"Yearly development in percent, working day adjusted, constant prices",2015M03,2015-03-01
47.71 clothing stores,4.4,"Yearly development in percent, working day adjusted, constant prices",2015M03,2015-03-01
"47.74+47.75 retail sale of medical, cosmetic and toilet articles",19.8,"Yearly development in percent, working day adjusted, constant prices",2015M03,2015-03-01
47.11+47.2 retail sale with mostly food,,"Yearly development in percent, working day adjusted, constant prices",2015M04,2015-04-01
47.591-47.592 specialised stores for home furniture; specialised stores for office furniture,13.9,"Yearly development in percent, working day adjusted, constant prices",2015M04,2015-04-01
47.64 sports shops,11.1,"Yearly development in percent, working day adjusted, constant prices",2015M04,2015-04-01
47.71 clothing stores,1.5,"Yearly development in percent, working day adjusted, constant prices",2015M04,2015-04-01
"47.74+47.75 retail sale of medical, cosmetic and toilet articles",10.0,"Yearly development in percent, working day adjusted, constant prices",2015M04,2015-04-01
47.11+47.2 retail sale with mostly food,,"Yearly development in percent, working day adjusted, constant prices",2015M05,2015-05-01
47.591-47.592 specialised stores for home furniture; specialised stores for office furniture,12.6,"Yearly development in percent, working day adjusted, constant prices",2015M05,2015-05-01
47.64 sports shops,9.4,"Yearly development in percent, working day adjusted, constant prices",2015M05,2015-05-01
47.71 clothing stores,-3.3,"Yearly development in percent, working day adjusted, constant prices",2015M05,2015-05-01
"47.74+47.75 retail sale of medical, cosmetic and toilet articles",20.3,"Yearly development in percent, working day adjusted, constant prices",2015M05,2015-05-01
47.11+47.2 retail sale with mostly food,,"Yearly development in percent, working day adjusted, constant prices",2015M06,2015-06-01
47.591-47.592 specialised stores for home furniture; specialised stores for office furniture,12.8,"Yearly development in percent, working day adjusted, constant prices",2015M06,2015-06-01
47.64 sports shops,10.7,"Yearly development in percent, working day adjusted, constant prices",2015M06,2015-06-01
47.71 clothing stores,9.5,"Yearly development in percent, working day adjusted, constant prices",2015M06,2015-06-01
"47.74+47.75 retail sale of medical, cosmetic and toilet articles",11.8,"Yearly development in percent, working day adjusted, constant prices",2015M06,2015-06-01
47.11+47.2 retail sale with mostly food,,"Yearly development in percent, working day adjusted, constant prices",2015M07,2015-07-01
47.591-47.592 specialised stores for home furniture; specialised stores for office furniture,28.2,"Yearly development in percent, working day adjusted, constant prices",2015M07,2015-07-01
47.64 sports shops,19.9,"Yearly development in percent, working day adjusted, constant prices",2015M07,2015-07-01
47.71 clothing stores,15.5,"Yearly development in percent, working day adjusted, constant prices",2015M07,2015-07-01
"47.74+47.75 retail sale of medical, cosmetic and toilet articles",16.9,"Yearly development in percent, working day adjusted, constant prices",2015M07,2015-07-01
47.11+47.2 retail sale with mostly food,,"Yearly development in percent, working day adjusted, constant prices",2015M08,2015-08-01
47.591-47.592 specialised stores for home furniture; specialised stores for office furniture,-2.2,"Yearly development in percent, working day adjusted, constant prices",2015M08,2015-08-01
47.64 sports shops,6.2,"Yearly development in percent, working day adjusted, constant prices",2015M08,2015-08-01
47.71 clothing stores,-5.3,"Yearly development in percent, working day adjusted, constant prices",2015M08,2015-08-01
"47.74+47.75 retail sale of medical, cosmetic and toilet articles",11.8,"Yearly development in percent, working day adjusted, constant prices",2015M08,2015-08-01
47.11+47.2 retail sale with mostly food,,"Yearly development in percent, working day adjusted, constant prices",2015M09,2015-09-01
47.591-47.592 specialised stores for home furniture; specialised stores for office furniture,14.4,"Yearly development in percent, working day adjusted, constant prices",2015M09,2015-09-01
47.64 sports shops,8.0,"Yearly development in percent, working day adjusted, constant prices",2015M09,2015-09-01
47.71 clothing stores,6.8,"Yearly development in percent, working day adjusted, constant prices",2015M09,2015-09-01
"47.74+47.75 retail sale of medical, cosmetic and toilet articles",20.4,"Yearly development in percent, working day adjusted, constant prices",2015M09,2015-09-01
47.11+47.2 retail sale with mostly food,,"Yearly development in percent, working day adjusted, constant prices",2015M10,2015-10-01
47.591-47.592 specialised stores for home furniture; specialised stores for office furniture,10.3,"Yearly development in percent, working day adjusted, constant prices",2015M10,2015-10-01
47.64 sports shops,7.0,"Yearly development in percent, working day adjusted, constant prices",2015M10,2015-10-01
47.71 clothing stores,6.8,"Yearly development in percent, working day adjusted, constant prices",2015M10,2015-10-01
"47.74+47.75 retail sale of medical, cosmetic and toilet articles",10.4,"Yearly development in percent, working day adjusted, constant prices",2015M10,2015-10-01
47.11+47.2 retail sale with mostly food,,"Yearly development in percent, working day adjusted, constant prices",2015M11,2015-11-01
47.591-47.592 specialised stores for home furniture; specialised stores for office furniture,10.3,"Yearly development in percent, working day adjusted, constant prices",2015M11,2015-11-01
47.64 sports shops,5.8,"Yearly development in percent, working day adjusted, constant prices",2015M11,2015-11-01
47.71 clothing stores,4.4,"Yearly development in percent, working day adjusted, constant prices",2015M11,2015-11-01
"47.74+47.75 retail sale of medical, cosmetic and toilet articles",15.9,"Yearly development in percent, working day adjusted, constant prices",2015M11,2015-11-01
47.11+47.2 retail sale with mostly food,,"Yearly development in percent, working day adjusted, constant prices",2015M12,2015-12-01
47.591-47.592 specialised stores for home furniture; specialised stores for office furniture,9.5,"Yearly development in percent, working day adjusted, constant prices",2015M12,2015-12-01
47.64 sports shops,-0.2,"Yearly development in percent, working day adjusted, constant prices",2015M12,2015-12-01
47.71 clothing stores,3.7,"Yearly development in percent, working day adjusted, constant prices",2015M12,2015-12-01
"47.74+47.75 retail sale of medical, cosmetic and toilet articles",7.8,"Yearly development in percent, working day adjusted, constant prices",2015M12,2015-12-01
47.11+47.2 retail sale with mostly food,,"Yearly development in percent, working day adjusted, constant prices",2016M01,2016-01-01
47.591-47.592 specialised stores for home furniture; specialised stores for office furniture,4.1,"Yearly development in percent, working day adjusted, constant prices",2016M01,2016-01-01
47.64 sports shops,6.9,"Yearly development in percent, working day adjusted, constant prices",2016M01,2016-01-01
47.71 clothing stores,3.5,"Yearly development in percent, working day adjusted, constant prices",2016M01,2016-01-01
"47.74+47.75 retail sale of medical, cosmetic and toilet articles",14.9,"Yearly development in percent, working day adjusted, constant prices",2016M01,2016-01-01
47.11+47.2 retail sale with mostly food,,"Yearly development in percent, working day adjusted, constant prices",2016M02,2016-02-01
47.591-47.592 specialised stores for home furniture; specialised stores for office furniture,8.7,"Yearly development in percent, working day adjusted, constant prices",2016M02,2016-02-01
47.64 sports shops,-0.7,"Yearly development in percent, working day adjusted, constant prices",2016M02,2016-02-01
47.71 clothing stores,2.4,"Yearly development in percent, working day adjusted, constant prices",2016M02,2016-02-01
"47.74+47.75 retail sale of medical, cosmetic and toilet articles",5.0,"Yearly development in percent, working day adjusted, constant prices",2016M02,2016-02-01
47.11+47.2 retail sale with mostly food,,"Yearly development in percent, working day adjusted, constant prices",2016M03,2016-03-01
47.591-47.592 specialised stores for home furniture; specialised stores for office furniture,10.1,"Yearly development in percent, working day adjusted, constant prices",2016M03,2016-03-01
47.64 sports shops,0.6,"Yearly development in percent, working day adjusted, constant prices",2016M03,2016-03-01
47.71 clothing stores,-3.3,"Yearly development in percent, working day adjusted, constant prices",2016M03,2016-03-01
"47.74+47.75 retail sale of medical, cosmetic and toilet articles",17.6,"Yearly development in percent, working day adjusted, constant prices",2016M03,2016-03-01
47.11+47.2 retail sale with mostly food,,"Yearly development in percent, working day adjusted, constant prices",2016M04,2016-04-01
47.591-47.592 specialised stores for home furniture; specialised stores for office furniture,5.8,"Yearly development in percent, working day adjusted, constant prices",2016M04,2016-04-01
47.64 sports shops,0.8,"Yearly development in percent, working day adjusted, constant prices",2016M04,2016-04-01
47.71 clothing stores,-6.3,"Yearly development in percent, working day adjusted, constant prices",2016M04,2016-04-01
"47.74+47.75 retail sale of medical, cosmetic and toilet articles",12.4,"Yearly development in percent, working day adjusted, constant prices",2016M04,2016-04-01
47.11+47.2 retail sale with mostly food,,"Yearly development in percent, working day adjusted, constant prices",2016M05,2016-05-01
47.591-47.592 specialised stores for home furniture; specialised stores for office furniture,0.0,"Yearly development in percent, working day adjusted, constant prices",2016M05,2016-05-01
47.64 sports shops,7.7,"Yearly development in percent, working day adjusted, constant prices",2016M05,2016-05-01
47.71 clothing stores,1.4,"Yearly development in percent, working day adjusted, constant prices",2016M05,2016-05-01
"47.74+47.75 retail sale of medical, cosmetic and toilet articles",6.2,"Yearly development in percent, working day adjusted, constant prices",2016M05,2016-05-01
47.11+47.2 retail sale with mostly food,,"Yearly development in percent, working day adjusted, constant prices",2016M06,2016-06-01
47.591-47.592 specialised stores for home furniture; specialised stores for office furniture,0.0,"Yearly development in percent, working day adjusted, constant prices",2016M06,2016-06-01
47.64 sports shops,4.6,"Yearly development in percent, working day adjusted, constant prices",2016M06,2016-06-01
47.71 clothing stores,-3.9,"Yearly development in percent, working day adjusted, constant prices",2016M06,2016-06-01
"47.74+47.75 retail sale of medical, cosmetic and toilet articles",7.6,"Yearly development in percent, working day adjusted, constant prices",2016M06,2016-06-01
47.11+47.2 retail sale with mostly food,,"Yearly development in percent, working day adjusted, constant prices",2016M07,2016-07-01
47.591-47.592 specialised stores for home furniture; specialised stores for office furniture,-6.7,"Yearly development in percent, working day adjusted, constant prices",2016M07,2016-07-01
47.64 sports shops,0.5,"Yearly development in percent, working day adjusted, constant prices",2016M07,2016-07-01
47.71 clothing stores,-7.3,"Yearly development in percent, working day adjusted, constant prices",2016M07,2016-07-01
"47.74+47.75 retail sale of medical, cosmetic and toilet articles",9.0,"Yearly development in percent, working day adjusted, constant prices",2016M07,2016-07-01
47.11+47.2 retail sale with mostly food,,"Yearly development in percent, working day adjusted, constant prices",2016M08,2016-08-01
47.591-47.592 specialised stores for home furniture; specialised stores for office furniture,16.3,"Yearly development in percent, working day adjusted, constant prices",2016M08,2016-08-01
47.64 sports shops,2.4,"Yearly development in percent, working day adjusted, constant prices",2016M08,2016-08-01
47.71 clothing stores,2.1,"Yearly development in percent, working day adjusted, constant prices",2016M08,2016-08-01
"47.74+47.75 retail sale of medical, cosmetic and toilet articles",9.0,"Yearly development in percent, working day adjusted, constant prices",2016M08,2016-08-01
47.11+47.2 retail sale with mostly food,,"Yearly development in percent, working day adjusted, constant prices",2016M09,2016-09-01
47.591-47.592 specialised stores for home furniture; specialised stores for office furniture,0.8,"Yearly development in percent, working day adjusted, constant prices",2016M09,2016-09-01
47.64 sports shops,-0.7,"Yearly development in percent, working day adjusted, constant prices",2016M09,2016-09-01
47.71 clothing stores,-7.4,"Yearly development in percent, working day adjusted, constant prices",2016M09,2016-09-01
"47.74+47.75 retail sale of medical, cosmetic and toilet articles",3.5,"Yearly development in percent, working day adjusted, constant prices",2016M09,2016-09-01
47.11+47.2 retail sale with mostly food,,"Yearly development in percent, working day adjusted, constant prices",2016M10,2016-10-01
47.591-47.592 specialised stores for home furniture; specialised stores for office furniture,1.5,"Yearly development in percent, working day adjusted, constant prices",2016M10,2016-10-01
47.64 sports shops,5.1,"Yearly development in percent, working day adjusted, constant prices",2016M10,2016-10-01
47.71 clothing stores,-1.1,"Yearly development in percent, working day adjusted, constant prices",2016M10,2016-10-01
"47.74+47.75 retail sale of medical, cosmetic and toilet articles",15.2,"Yearly development in percent, working day adjusted, constant prices",2016M10,2016-10-01
47.11+47.2 retail sale with mostly food,,"Yearly development in percent, working day adjusted, constant prices",2016M11,2016-11-01
47.591-47.592 specialised stores for home furniture; specialised stores for office furniture,-0.1,"Yearly development in percent, working day adjusted, constant prices",2016M11,2016-11-01
47.64 sports shops,11.0,"Yearly development in percent, working day adjusted, constant prices",2016M11,2016-11-01
47.71 clothing stores,5.6,"Yearly development in percent, working day adjusted, constant prices",2016M11,2016-11-01
"47.74+47.75 retail sale of medical, cosmetic and toilet articles",15.3,"Yearly development in percent, working day adjusted, constant prices",2016M11,2016-11-01
47.11+47.2 retail sale with mostly food,,"Yearly development in percent, working day adjusted, constant prices",2016M12,2016-12-01
47.591-47.592 specialised stores for home furniture; specialised stores for office furniture,-0.4,"Yearly development in percent, working day adjusted, constant prices",2016M12,2016-12-01
47.64 sports shops,-3.3,"Yearly development in percent, working day adjusted, constant prices",2016M12,2016-12-01
47.71 clothing stores,-4.7,"Yearly development in percent, working day adjusted, constant prices",2016M12,2016-12-01
"47.74+47.75 retail sale of medical, cosmetic and toilet articles",4.1,"Yearly development in percent, working day adjusted, constant prices",2016M12,2016-12-01
47.11+47.2 retail sale with mostly food,,"Yearly development in percent, working day adjusted, constant prices",2017M01,2017-01-01
47.591-47.592 specialised stores for home furniture; specialised stores for office furniture,6.9,"Yearly development in percent, working day adjusted, constant prices",2017M01,2017-01-01
47.64 sports shops,-1.7,"Yearly development in percent, working day adjusted, constant prices",2017M01,2017-01-01
47.71 clothing stores,-5.0,"Yearly development in percent, working day adjusted, constant prices",2017M01,2017-01-01
"47.74+47.75 retail sale of medical, cosmetic and toilet articles",17.6,"Yearly development in percent, working day adjusted, constant prices",2017M01,2017-01-01
47.11+47.2 retail sale with mostly food,,"Yearly development in percent, working day adjusted, constant prices",2017M02,2017-02-01
47.591-47.592 specialised stores for home furniture; specialised stores for office furniture,8.3,"Yearly development in percent, working day adjusted, constant prices",2017M02,2017-02-01
47.64 sports shops,11.6,"Yearly development in percent, working day adjusted, constant prices",2017M02,2017-02-01
47.71 clothing stores,-4.9,"Yearly development in percent, working day adjusted, constant prices",2017M02,2017-02-01
"47.74+47.75 retail sale of medical, cosmetic and toilet articles",14.2,"Yearly development in percent, working day adjusted, constant prices",2017M02,2017-02-01
47.11+47.2 retail sale with mostly food,,"Yearly development in percent, working day adjusted, constant prices",2017M03,2017-03-01
47.591-47.592 specialised stores for home furniture; specialised stores for office furniture,-1.6,"Yearly development in percent, working day adjusted, constant prices",2017M03,2017-03-01
47.64 sports shops,-4.8,"Yearly development in percent, working day adjusted, constant prices",2017M03,2017-03-01
47.71 clothing stores,-3.1,"Yearly development in percent, working day adjusted, constant prices",2017M03,2017-03-01
"47.74+47.75 retail sale of medical, cosmetic and toilet articles",6.7,"Yearly development in percent, working day adjusted, constant prices",2017M03,2017-03-01
47.11+47.2 retail sale with mostly food,,"Yearly development in percent, working day adjusted, constant prices",2017M04,2017-04-01
47.591-47.592 specialised stores for home furniture; specialised stores for office furniture,9.2,"Yearly development in percent, working day adjusted, constant prices",2017M04,2017-04-01
47.64 sports shops,-2.8,"Yearly development in percent, working day adjusted, constant prices",2017M04,2017-04-01
47.71 clothing stores,5.1,"Yearly development in percent, working day adjusted, constant prices",2017M04,2017-04-01
"47.74+47.75 retail sale of medical, cosmetic and toilet articles",9.9,"Yearly development in percent, working day adjusted, constant prices",2017M04,2017-04-01
47.11+47.2 retail sale with mostly food,,"Yearly development in percent, working day adjusted, constant prices",2017M05,2017-05-01
47.591-47.592 specialised stores for home furniture; specialised stores for office furniture,8.8,"Yearly development in percent, working day adjusted, constant prices",2017M05,2017-05-01
47.64 sports shops,-3.9,"Yearly development in percent, working day adjusted, constant prices",2017M05,2017-05-01
47.71 clothing stores,-0.3,"Yearly development in percent, working day adjusted, constant prices",2017M05,2017-05-01
"47.74+47.75 retail sale of medical, cosmetic and toilet articles",4.5,"Yearly development in percent, working day adjusted, constant prices",2017M05,2017-05-01
47.11+47.2 retail sale with mostly food,,"Yearly development in percent, working day adjusted, constant prices",2017M06,2017-06-01
47.591-47.592 specialised stores for home furniture; specialised stores for office furniture,9.1,"Yearly development in percent, working day adjusted, constant prices",2017M06,2017-06-01
47.64 sports shops,0.2,"Yearly development in percent, working day adjusted, constant prices",2017M06,2017-06-01
47.71 clothing stores,-0.3,"Yearly development in percent, working day adjusted, constant prices",2017M06,2017-06-01
"47.74+47.75 retail sale of medical, cosmetic and toilet articles",2.7,"Yearly development in percent, working day adjusted, constant prices",2017M06,2017-06-01
47.11+47.2 retail sale with mostly food,,"Yearly development in percent, working day adjusted, constant prices",2017M07,2017-07-01
47.591-47.592 specialised stores for home furniture; specialised stores for office furniture,13.9,"Yearly development in percent, working day adjusted, constant prices",2017M07,2017-07-01
47.64 sports shops,-1.7,"Yearly development in percent, working day adjusted, constant prices",2017M07,2017-07-01
47.71 clothing stores,-1.0,"Yearly development in percent, working day adjusted, constant prices",2017M07,2017-07-01
"47.74+47.75 retail sale of medical, cosmetic and toilet articles",5.6,"Yearly development in percent, working day adjusted, constant prices",2017M07,2017-07-01
47.11+47.2 retail sale with mostly food,,"Yearly development in percent, working day adjusted, constant prices",2017M08,2017-08-01
47.591-47.592 specialised stores for home furniture; specialised stores for office furniture,0.7,"Yearly development in percent, working day adjusted, constant prices",2017M08,2017-08-01
47.64 sports shops,4.3,"Yearly development in percent, working day adjusted, constant prices",2017M08,2017-08-01
47.71 clothing stores,-0.3,"Yearly development in percent, working day adjusted, constant prices",2017M08,2017-08-01
"47.74+47.75 retail sale of medical, cosmetic and toilet articles",-0.4,"Yearly development in percent, working day adjusted, constant prices",2017M08,2017-08-01
47.11+47.2 retail sale with mostly food,,"Yearly development in percent, working day adjusted, constant prices",2017M09,2017-09-01
47.591-47.592 specialised stores for home furniture; specialised stores for office furniture,5.2,"Yearly development in percent, working day adjusted, constant prices",2017M09,2017-09-01
47.64 sports shops,6.9,"Yearly development in percent, working day adjusted, constant prices",2017M09,2017-09-01
47.71 clothing stores,3.6,"Yearly development in percent, working day adjusted, constant prices",2017M09,2017-09-01
"47.74+47.75 retail sale of medical, cosmetic and toilet articles",23.7,"Yearly development in percent, working day adjusted, constant prices",2017M09,2017-09-01
47.11+47.2 retail sale with mostly food,,"Yearly development in percent, working day adjusted, constant prices",2017M10,2017-10-01
47.591-47.592 specialised stores for home furniture; specialised stores for office furniture,5.5,"Yearly development in percent, working day adjusted, constant prices",2017M10,2017-10-01
47.64 sports shops,0.1,"Yearly development in percent, working day adjusted, constant prices",2017M10,2017-10-01
47.71 clothing stores,-1.1,"Yearly development in percent, working day adjusted, constant prices",2017M10,2017-10-01
"47.74+47.75 retail sale of medical, cosmetic and toilet articles",7.0,"Yearly development in percent, working day adjusted, constant prices",2017M10,2017-10-01
47.11+47.2 retail sale with mostly food,,"Yearly development in percent, working day adjusted, constant prices",2017M11,2017-11-01
47.591-47.592 specialised stores for home furniture; specialised stores for office furniture,8.5,"Yearly development in percent, working day adjusted, constant prices",2017M11,2017-11-01
47.64 sports shops,-0.5,"Yearly development in percent, working day adjusted, constant prices",2017M11,2017-11-01
47.71 clothing stores,0.7,"Yearly development in percent, working day adjusted, constant prices",2017M11,2017-11-01
"47.74+47.75 retail sale of medical, cosmetic and toilet articles",2.7,"Yearly development in percent, working day adjusted, constant prices",2017M11,2017-11-01
47.11+47.2 retail sale with mostly food,,"Yearly development in percent, working day adjusted, constant prices",2017M12,2017-12-01
47.591-47.592 specialised stores for home furniture; specialised stores for office furniture,7.6,"Yearly development in percent, working day adjusted, constant prices",2017M12,2017-12-01
47.64 sports shops,4.7,"Yearly development in percent, working day adjusted, constant prices",2017M12,2017-12-01
47.71 clothing stores,-1.0,"Yearly development in percent, working day adjusted, constant prices",2017M12,2017-12-01
"47.74+47.75 retail sale of medical, cosmetic and toilet articles",3.4,"Yearly development in percent, working day adjusted, constant prices",2017M12,2017-12-01
47.11+47.2 retail sale with mostly food,,"Yearly development in percent, working day adjusted, constant prices",2018M01,2018-01-01
47.591-47.592 specialised stores for home furniture; specialised stores for office furniture,7.4,"Yearly development in percent, working day adjusted, constant prices",2018M01,2018-01-01
47.64 sports shops,1.5,"Yearly development in percent, working day adjusted, constant prices",2018M01,2018-01-01
47.71 clothing stores,-5.5,"Yearly development in percent, working day adjusted, constant prices",2018M01,2018-01-01
"47.74+47.75 retail sale of medical, cosmetic and toilet articles",3.5,"Yearly development in percent, working day adjusted, constant prices",2018M01,2018-01-01
47.11+47.2 retail sale with mostly food,,"Yearly development in percent, working day adjusted, constant prices",2018M02,2018-02-01
47.591-47.592 specialised stores for home furniture; specialised stores for office furniture,1.2,"Yearly development in percent, working day adjusted, constant prices",2018M02,2018-02-01
47.64 sports shops,1.7,"Yearly development in percent, working day adjusted, constant prices",2018M02,2018-02-01
47.71 clothing stores,-7.4,"Yearly development in percent, working day adjusted, constant prices",2018M02,2018-02-01
"47.74+47.75 retail sale of medical, cosmetic and toilet articles",-3.2,"Yearly development in percent, working day adjusted, constant prices",2018M02,2018-02-01
47.11+47.2 retail sale with mostly food,,"Yearly development in percent, working day adjusted, constant prices",2018M03,2018-03-01
47.591-47.592 specialised stores for home furniture; specialised stores for office furniture,8.8,"Yearly development in percent, working day adjusted, constant prices",2018M03,2018-03-01
47.64 sports shops,-0.8,"Yearly development in percent, working day adjusted, constant prices",2018M03,2018-03-01
47.71 clothing stores,-0.7,"Yearly development in percent, working day adjusted, constant prices",2018M03,2018-03-01
"47.74+47.75 retail sale of medical, cosmetic and toilet articles",5.2,"Yearly development in percent, working day adjusted, constant prices",2018M03,2018-03-01
47.11+47.2 retail sale with mostly food,,"Yearly development in percent, working day adjusted, constant prices",2018M04,2018-04-01
47.591-47.592 specialised stores for home furniture; specialised stores for office furniture,-0.3,"Yearly development in percent, working day adjusted, constant prices",2018M04,2018-04-01
47.64 sports shops,13.8,"Yearly development in percent, working day adjusted, constant prices",2018M04,2018-04-01
47.71 clothing stores,8.6,"Yearly development in percent, working day adjusted, constant prices",2018M04,2018-04-01
"47.74+47.75 retail sale of medical, cosmetic and toilet articles",3.3,"Yearly development in percent, working day adjusted, constant prices",2018M04,2018-04-01
47.11+47.2 retail sale with mostly food,,"Yearly development in percent, working day adjusted, constant prices",2018M05,2018-05-01
47.591-47.592 specialised stores for home furniture; specialised stores for office furniture,-4.8,"Yearly development in percent, working day adjusted, constant prices",2018M05,2018-05-01
47.64 sports shops,10.6,"Yearly development in percent, working day adjusted, constant prices",2018M05,2018-05-01
47.71 clothing stores,2.7,"Yearly development in percent, working day adjusted, constant prices",2018M05,2018-05-01
"47.74+47.75 retail sale of medical, cosmetic and toilet articles",4.9,"Yearly development in percent, working day adjusted, constant prices",2018M05,2018-05-01
47.11+47.2 retail sale with mostly food,,"Yearly development in percent, working day adjusted, constant prices",2018M06,2018-06-01
47.591-47.592 specialised stores for home furniture; specialised stores for office furniture,-5.6,"Yearly development in percent, working day adjusted, constant prices",2018M06,2018-06-01
47.64 sports shops,-0.4,"Yearly development in percent, working day adjusted, constant prices",2018M06,2018-06-01
47.71 clothing stores,-3.4,"Yearly development in percent, working day adjusted, constant prices",2018M06,2018-06-01
"47.74+47.75 retail sale of medical, cosmetic and toilet articles",2.5,"Yearly development in percent, working day adjusted, constant prices",2018M06,2018-06-01
47.11+47.2 retail sale with mostly food,,"Yearly development in percent, working day adjusted, constant prices",2018M07,2018-07-01
47.591-47.592 specialised stores for home furniture; specialised stores for office furniture,-8.6,"Yearly development in percent, working day adjusted, constant prices",2018M07,2018-07-01
47.64 sports shops,2.3,"Yearly development in percent, working day adjusted, constant prices",2018M07,2018-07-01
47.71 clothing stores,-3.6,"Yearly development in percent, working day adjusted, constant prices",2018M07,2018-07-01
"47.74+47.75 retail sale of medical, cosmetic and toilet articles",-6.8,"Yearly development in percent, working day adjusted, constant prices",2018M07,2018-07-01
47.11+47.2 retail sale with mostly food,,"Yearly development in percent, working day adjusted, constant prices",2018M08,2018-08-01
47.591-47.592 specialised stores for home furniture; specialised stores for office furniture,2.5,"Yearly development in percent, working day adjusted, constant prices",2018M08,2018-08-01
47.64 sports shops,8.5,"Yearly development in percent, working day adjusted, constant prices",2018M08,2018-08-01
47.71 clothing stores,3.8,"Yearly development in percent, working day adjusted, constant prices",2018M08,2018-08-01
"47.74+47.75 retail sale of medical, cosmetic and toilet articles",-1.8,"Yearly development in percent, working day adjusted, constant prices",2018M08,2018-08-01
47.11+47.2 retail sale with mostly food,,"Yearly development in percent, working day adjusted, constant prices",2018M09,2018-09-01
47.591-47.592 specialised stores for home furniture; specialised stores for office furniture,5.2,"Yearly development in percent, working day adjusted, constant prices",2018M09,2018-09-01
47.64 sports shops,0.2,"Yearly development in percent, working day adjusted, constant prices",2018M09,2018-09-01
47.71 clothing stores,2.0,"Yearly development in percent, working day adjusted, constant prices",2018M09,2018-09-01
"47.74+47.75 retail sale of medical, cosmetic and toilet articles",-1.0,"Yearly development in percent, working day adjusted, constant prices",2018M09,2018-09-01
47.11+47.2 retail sale with mostly food,,"Yearly development in percent, working day adjusted, constant prices",2018M10,2018-10-01
47.591-47.592 specialised stores for home furniture; specialised stores for office furniture,-2.9,"Yearly development in percent, working day adjusted, constant prices",2018M10,2018-10-01
47.64 sports shops,0.2,"Yearly development in percent, working day adjusted, constant prices",2018M10,2018-10-01
47.71 clothing stores,-2.7,"Yearly development in percent, working day adjusted, constant prices",2018M10,2018-10-01
"47.74+47.75 retail sale of medical, cosmetic and toilet articles",2.2,"Yearly development in percent, working day adjusted, constant prices",2018M10,2018-10-01
47.11+47.2 retail sale with mostly food,,"Yearly development in percent, working day adjusted, constant prices",2018M11,2018-11-01
47.591-47.592 specialised stores for home furniture; specialised stores for office furniture,1.2,"Yearly development in percent, working day adjusted, constant prices",2018M11,2018-11-01
47.64 sports shops,0.9,"Yearly development in percent, working day adjusted, constant prices",2018M11,2018-11-01
47.71 clothing stores,-5.7,"Yearly development in percent, working day adjusted, constant prices",2018M11,2018-11-01
"47.74+47.75 retail sale of medical, cosmetic and toilet articles",-1.4,"Yearly development in percent, working day adjusted, constant prices",2018M11,2018-11-01
47.11+47.2 retail sale with mostly food,,"Yearly development in percent, working day adjusted, constant prices",2018M12,2018-12-01
47.591-47.592 specialised stores for home furniture; specialised stores for office furniture,-2.7,"Yearly development in percent, working day adjusted, constant prices",2018M12,2018-12-01
47.64 sports shops,-0.1,"Yearly development in percent, working day adjusted, constant prices",2018M12,2018-12-01
47.71 clothing stores,-4.3,"Yearly development in percent, working day adjusted, constant prices",2018M12,2018-12-01
"47.74+47.75 retail sale of medical, cosmetic and toilet articles",-2.8,"Yearly development in percent, working day adjusted, constant prices",2018M12,2018-12-01
47.11+47.2 retail sale with mostly food,,"Yearly development in percent, working day adjusted, constant prices",2019M01,2019-01-01
47.591-47.592 specialised stores for home furniture; specialised stores for office furniture,-4.5,"Yearly development in percent, working day adjusted, constant prices",2019M01,2019-01-01
47.64 sports shops,5.3,"Yearly development in percent, working day adjusted, constant prices",2019M01,2019-01-01
47.71 clothing stores,2.9,"Yearly development in percent, working day adjusted, constant prices",2019M01,2019-01-01
"47.74+47.75 retail sale of medical, cosmetic and toilet articles",-8.7,"Yearly development in percent, working day adjusted, constant prices",2019M01,2019-01-01
47.11+47.2 retail sale with mostly food,,"Yearly development in percent, working day adjusted, constant prices",2019M02,2019-02-01
47.591-47.592 specialised stores for home furniture; specialised stores for office furniture,0.1,"Yearly development in percent, working day adjusted, constant prices",2019M02,2019-02-01
47.64 sports shops,-5.9,"Yearly development in percent, working day adjusted, constant prices",2019M02,2019-02-01
47.71 clothing stores,14.9,"Yearly development in percent, working day adjusted, constant prices",2019M02,2019-02-01
"47.74+47.75 retail sale of medical, cosmetic and toilet articles",0.1,"Yearly development in percent, working day adjusted, constant prices",2019M02,2019-02-01
47.11+47.2 retail sale with mostly food,,"Yearly development in percent, working day adjusted, constant prices",2019M03,2019-03-01
47.591-47.592 specialised stores for home furniture; specialised stores for office furniture,1.8,"Yearly development in percent, working day adjusted, constant prices",2019M03,2019-03-01
47.64 sports shops,2.1,"Yearly development in percent, working day adjusted, constant prices",2019M03,2019-03-01
47.71 clothing stores,5.8,"Yearly development in percent, working day adjusted, constant prices",2019M03,2019-03-01
"47.74+47.75 retail sale of medical, cosmetic and toilet articles",-1.1,"Yearly development in percent, working day adjusted, constant prices",2019M03,2019-03-01
47.11+47.2 retail sale with mostly food,,"Yearly development in percent, working day adjusted, constant prices",2019M04,2019-04-01
47.591-47.592 specialised stores for home furniture; specialised stores for office furniture,3.2,"Yearly development in percent, working day adjusted, constant prices",2019M04,2019-04-01
47.64 sports shops,-0.1,"Yearly development in percent, working day adjusted, constant prices",2019M04,2019-04-01
47.71 clothing stores,-1.8,"Yearly development in percent, working day adjusted, constant prices",2019M04,2019-04-01
"47.74+47.75 retail sale of medical, cosmetic and toilet articles",2.2,"Yearly development in percent, working day adjusted, constant prices",2019M04,2019-04-01
47.11+47.2 retail sale with mostly food,,"Yearly development in percent, working day adjusted, constant prices",2019M05,2019-05-01
47.591-47.592 specialised stores for home furniture; specialised stores for office furniture,12.4,"Yearly development in percent, working day adjusted, constant prices",2019M05,2019-05-01
47.64 sports shops,-5.4,"Yearly development in percent, working day adjusted, constant prices",2019M05,2019-05-01
47.71 clothing stores,-2.3,"Yearly development in percent, working day adjusted, constant prices",2019M05,2019-05-01
"47.74+47.75 retail sale of medical, cosmetic and toilet articles",-1.1,"Yearly development in percent, working day adjusted, constant prices",2019M05,2019-05-01
47.11+47.2 retail sale with mostly food,,"Yearly development in percent, working day adjusted, constant prices",2019M06,2019-06-01
47.591-47.592 specialised stores for home furniture; specialised stores for office furniture,3.4,"Yearly development in percent, working day adjusted, constant prices",2019M06,2019-06-01
47.64 sports shops,5.9,"Yearly development in percent, working day adjusted, constant prices",2019M06,2019-06-01
47.71 clothing stores,3.2,"Yearly development in percent, working day adjusted, constant prices",2019M06,2019-06-01
"47.74+47.75 retail sale of medical, cosmetic and toilet articles",-5.8,"Yearly development in percent, working day adjusted, constant prices",2019M06,2019-06-01
47.11+47.2 retail sale with mostly food,,"Yearly development in percent, working day adjusted, constant prices",2019M07,2019-07-01
47.591-47.592 specialised stores for home furniture; specialised stores for office furniture,11.5,"Yearly development in percent, working day adjusted, constant prices",2019M07,2019-07-01
47.64 sports shops,7.0,"Yearly development in percent, working day adjusted, constant prices",2019M07,2019-07-01
47.71 clothing stores,4.3,"Yearly development in percent, working day adjusted, constant prices",2019M07,2019-07-01
"47.74+47.75 retail sale of medical, cosmetic and toilet articles",9.0,"Yearly development in percent, working day adjusted, constant prices",2019M07,2019-07-01
47.11+47.2 retail sale with mostly food,,"Yearly development in percent, working day adjusted, constant prices",2019M08,2019-08-01
47.591-47.592 specialised stores for home furniture; specialised stores for office furniture,4.0,"Yearly development in percent, working day adjusted, constant prices",2019M08,2019-08-01
47.64 sports shops,-4.7,"Yearly development in percent, working day adjusted, constant prices",2019M08,2019-08-01
47.71 clothing stores,0.7,"Yearly development in percent, working day adjusted, constant prices",2019M08,2019-08-01
"47.74+47.75 retail sale of medical, cosmetic and toilet articles",4.1,"Yearly development in percent, working day adjusted, constant prices",2019M08,2019-08-01
47.11+47.2 retail sale with mostly food,,"Yearly development in percent, working day adjusted, constant prices",2019M09,2019-09-01
47.591-47.592 specialised stores for home furniture; specialised stores for office furniture,0.0,"Yearly development in percent, working day adjusted, constant prices",2019M09,2019-09-01
47.64 sports shops,6.2,"Yearly development in percent, working day adjusted, constant prices",2019M09,2019-09-01
47.71 clothing stores,3.8,"Yearly development in percent, working day adjusted, constant prices",2019M09,2019-09-01
"47.74+47.75 retail sale of medical, cosmetic and toilet articles",-1.7,"Yearly development in percent, working day adjusted, constant prices",2019M09,2019-09-01
47.11+47.2 retail sale with mostly food,,"Yearly development in percent, working day adjusted, constant prices",2019M10,2019-10-01
47.591-47.592 specialised stores for home furniture; specialised stores for office furniture,3.9,"Yearly development in percent, working day adjusted, constant prices",2019M10,2019-10-01
47.64 sports shops,8.6,"Yearly development in percent, working day adjusted, constant prices",2019M10,2019-10-01
47.71 clothing stores,1.8,"Yearly development in percent, working day adjusted, constant prices",2019M10,2019-10-01
"47.74+47.75 retail sale of medical, cosmetic and toilet articles",-3.9,"Yearly development in percent, working day adjusted, constant prices",2019M10,2019-10-01
47.11+47.2 retail sale with mostly food,,"Yearly development in percent, working day adjusted, constant prices",2019M11,2019-11-01
47.591-47.592 specialised stores for home furniture; specialised stores for office furniture,1.4,"Yearly development in percent, working day adjusted, constant prices",2019M11,2019-11-01
47.64 sports shops,-6.0,"Yearly development in percent, working day adjusted, constant prices",2019M11,2019-11-01
47.71 clothing stores,-0.7,"Yearly development in percent, working day adjusted, constant prices",2019M11,2019-11-01
"47.74+47.75 retail sale of medical, cosmetic and toilet articles",-0.5,"Yearly development in percent, working day adjusted, constant prices",2019M11,2019-11-01
47.11+47.2 retail sale with mostly food,,"Yearly development in percent, working day adjusted, constant prices",2019M12,2019-12-01
47.591-47.592 specialised stores for home furniture; specialised stores for office furniture,4.8,"Yearly development in percent, working day adjusted, constant prices",2019M12,2019-12-01
47.64 sports shops,-3.8,"Yearly development in percent, working day adjusted, constant prices",2019M12,2019-12-01
47.71 clothing stores,-0.9,"Yearly development in percent, working day adjusted, constant prices",2019M12,2019-12-01
"47.74+47.75 retail sale of medical, cosmetic and toilet articles",-2.1,"Yearly development in percent, working day adjusted, constant prices",2019M12,2019-12-01
47.11+47.2 retail sale with mostly food,,"Yearly development in percent, working day adjusted, constant prices",2020M01,2020-01-01
47.591-47.592 specialised stores for home furniture; specialised stores for office furniture,4.9,"Yearly development in percent, working day adjusted, constant prices",2020M01,2020-01-01
47.64 sports shops,-7.0,"Yearly development in percent, working day adjusted, constant prices",2020M01,2020-01-01
47.71 clothing stores,3.1,"Yearly development in percent, working day adjusted, constant prices",2020M01,2020-01-01
"47.74+47.75 retail sale of medical, cosmetic and toilet articles",-2.5,"Yearly development in percent, working day adjusted, constant prices",2020M01,2020-01-01
47.11+47.2 retail sale with mostly food,,"Yearly development in percent, working day adjusted, constant prices",2020M02,2020-02-01
47.591-47.592 specialised stores for home furniture; specialised stores for office furniture,10.7,"Yearly development in percent, working day adjusted, constant prices",2020M02,2020-02-01
47.64 sports shops,13.2,"Yearly development in percent, working day adjusted, constant prices",2020M02,2020-02-01
47.71 clothing stores,-1.8,"Yearly development in percent, working day adjusted, constant prices",2020M02,2020-02-01
"47.74+47.75 retail sale of medical, cosmetic and toilet articles",6.8,"Yearly development in percent, working day adjusted, constant prices",2020M02,2020-02-01
47.11+47.2 retail sale with mostly food,,"Yearly development in percent, working day adjusted, constant prices",2020M03,2020-03-01
47.591-47.592 specialised stores for home furniture; specialised stores for office furniture,-5.1,"Yearly development in percent, working day adjusted, constant prices",2020M03,2020-03-01
47.64 sports shops,-1.0,"Yearly development in percent, working day adjusted, constant prices",2020M03,2020-03-01
47.71 clothing stores,-33.4,"Yearly development in percent, working day adjusted, constant prices",2020M03,2020-03-01
"47.74+47.75 retail sale of medical, cosmetic and toilet articles",-17.4,"Yearly development in percent, working day adjusted, constant prices",2020M03,2020-03-01
47.11+47.2 retail sale with mostly food,,"Yearly development in percent, working day adjusted, constant prices",2020M04,2020-04-01
47.591-47.592 specialised stores for home furniture; specialised stores for office furniture,-2.2,"Yearly development in percent, working day adjusted, constant prices",2020M04,2020-04-01
47.64 sports shops,0.6,"Yearly development in percent, working day adjusted, constant prices",2020M04,2020-04-01
47.71 clothing stores,-36.6,"Yearly development in percent, working day adjusted, constant prices",2020M04,2020-04-01
"47.74+47.75 retail sale of medical, cosmetic and toilet articles",-12.3,"Yearly development in percent, working day adjusted, constant prices",2020M04,2020-04-01
47.11+47.2 retail sale with mostly food,,"Yearly development in percent, working day adjusted, constant prices",2020M05,2020-05-01
47.591-47.592 specialised stores for home furniture; specialised stores for office furniture,4.1,"Yearly development in percent, working day adjusted, constant prices",2020M05,2020-05-01
47.64 sports shops,16.5,"Yearly development in percent, working day adjusted, constant prices",2020M05,2020-05-01
47.71 clothing stores,-29.5,"Yearly development in percent, working day adjusted, constant prices",2020M05,2020-05-01
"47.74+47.75 retail sale of medical, cosmetic and toilet articles",-8.4,"Yearly development in percent, working day adjusted, constant prices",2020M05,2020-05-01
47.11+47.2 retail sale with mostly food,,"Yearly development in percent, working day adjusted, constant prices",2020M06,2020-06-01
47.591-47.592 specialised stores for home furniture; specialised stores for office furniture,8.9,"Yearly development in percent, working day adjusted, constant prices",2020M06,2020-06-01
47.64 sports shops,19.8,"Yearly development in percent, working day adjusted, constant prices",2020M06,2020-06-01
47.71 clothing stores,-21.6,"Yearly development in percent, working day adjusted, constant prices",2020M06,2020-06-01
"47.74+47.75 retail sale of medical, cosmetic and toilet articles",-1.6,"Yearly development in percent, working day adjusted, constant prices",2020M06,2020-06-01
47.11+47.2 retail sale with mostly food,,"Yearly development in percent, working day adjusted, constant prices",2020M07,2020-07-01
47.591-47.592 specialised stores for home furniture; specialised stores for office furniture,2.4,"Yearly development in percent, working day adjusted, constant prices",2020M07,2020-07-01
47.64 sports shops,11.0,"Yearly development in percent, working day adjusted, constant prices",2020M07,2020-07-01
47.71 clothing stores,-22.2,"Yearly development in percent, working day adjusted, constant prices",2020M07,2020-07-01
"47.74+47.75 retail sale of medical, cosmetic and toilet articles",0.9,"Yearly development in percent, working day adjusted, constant prices",2020M07,2020-07-01
47.11+47.2 retail sale with mostly food,,"Yearly development in percent, working day adjusted, constant prices",2020M08,2020-08-01
47.591-47.592 specialised stores for home furniture; specialised stores for office furniture,-11.1,"Yearly development in percent, working day adjusted, constant prices",2020M08,2020-08-01
47.64 sports shops,3.3,"Yearly development in percent, working day adjusted, constant prices",2020M08,2020-08-01
47.71 clothing stores,-19.2,"Yearly development in percent, working day adjusted, constant prices",2020M08,2020-08-01
"47.74+47.75 retail sale of medical, cosmetic and toilet articles",-3.0,"Yearly development in percent, working day adjusted, constant prices",2020M08,2020-08-01
47.11+47.2 retail sale with mostly food,,"Yearly development in percent, working day adjusted, constant prices",2020M09,2020-09-01
47.591-47.592 specialised stores for home furniture; specialised stores for office furniture,6.1,"Yearly development in percent, working day adjusted, constant prices",2020M09,2020-09-01
47.64 sports shops,1.4,"Yearly development in percent, working day adjusted, constant prices",2020M09,2020-09-01
47.71 clothing stores,-13.5,"Yearly development in percent, working day adjusted, constant prices",2020M09,2020-09-01
"47.74+47.75 retail sale of medical, cosmetic and toilet articles",-2.6,"Yearly development in percent, working day adjusted, constant prices",2020M09,2020-09-01
47.11+47.2 retail sale with mostly food,,"Yearly development in percent, working day adjusted, constant prices",2020M10,2020-10-01
47.591-47.592 specialised stores for home furniture; specialised stores for office furniture,3.2,"Yearly development in percent, working day adjusted, constant prices",2020M10,2020-10-01
47.64 sports shops,2.7,"Yearly development in percent, working day adjusted, constant prices",2020M10,2020-10-01
47.71 clothing stores,-13.3,"Yearly development in percent, working day adjusted, constant prices",2020M10,2020-10-01
"47.74+47.75 retail sale of medical, cosmetic and toilet articles",-0.4,"Yearly development in percent, working day adjusted, constant prices",2020M10,2020-10-01
47.11+47.2 retail sale with mostly food,,"Yearly development in percent, working day adjusted, constant prices",2020M11,2020-11-01
47.591-47.592 specialised stores for home furniture; specialised stores for office furniture,-3.6,"Yearly development in percent, working day adjusted, constant prices",2020M11,2020-11-01
47.64 sports shops,9.0,"Yearly development in percent, working day adjusted, constant prices",2020M11,2020-11-01
47.71 clothing stores,-24.6,"Yearly development in percent, working day adjusted, constant prices",2020M11,2020-11-01
"47.74+47.75 retail sale of medical, cosmetic and toilet articles",1.3,"Yearly development in percent, working day adjusted, constant prices",2020M11,2020-11-01
47.11+47.2 retail sale with mostly food,,"Yearly development in percent, working day adjusted, constant prices",2020M12,2020-12-01
47.591-47.592 specialised stores for home furniture; specialised stores for office furniture,-2.2,"Yearly development in percent, working day adjusted, constant prices",2020M12,2020-12-01
47.64 sports shops,-6.2,"Yearly development in percent, working day adjusted, constant prices",2020M12,2020-12-01
47.71 clothing stores,-30.0,"Yearly development in percent, working day adjusted, constant prices",2020M12,2020-12-01
"47.74+47.75 retail sale of medical, cosmetic and toilet articles",-18.4,"Yearly development in percent, working day adjusted, constant prices",2020M12,2020-12-01
47.11+47.2 retail sale with mostly food,,"Yearly development in percent, working day adjusted, constant prices",2021M01,2021-01-01
47.591-47.592 specialised stores for home furniture; specialised stores for office furniture,-6.7,"Yearly development in percent, working day adjusted, constant prices",2021M01,2021-01-01
47.64 sports shops,25.0,"Yearly development in percent, working day adjusted, constant prices",2021M01,2021-01-01
47.71 clothing stores,-28.8,"Yearly development in percent, working day adjusted, constant prices",2021M01,2021-01-01
"47.74+47.75 retail sale of medical, cosmetic and toilet articles",-5.4,"Yearly development in percent, working day adjusted, constant prices",2021M01,2021-01-01
47.11+47.2 retail sale with mostly food,,"Yearly development in percent, working day adjusted, constant prices",2021M02,2021-02-01
47.591-47.592 specialised stores for home furniture; specialised stores for office furniture,1.6,"Yearly development in percent, working day adjusted, constant prices",2021M02,2021-02-01
47.64 sports shops,7.7,"Yearly development in percent, working day adjusted, constant prices",2021M02,2021-02-01
47.71 clothing stores,-20.7,"Yearly development in percent, working day adjusted, constant prices",2021M02,2021-02-01
"47.74+47.75 retail sale of medical, cosmetic and toilet articles",2.6,"Yearly development in percent, working day adjusted, constant prices",2021M02,2021-02-01
47.11+47.2 retail sale with mostly food,,"Yearly development in percent, working day adjusted, constant prices",2021M03,2021-03-01
47.591-47.592 specialised stores for home furniture; specialised stores for office furniture,16.8,"Yearly development in percent, working day adjusted, constant prices",2021M03,2021-03-01
47.64 sports shops,21.8,"Yearly development in percent, working day adjusted, constant prices",2021M03,2021-03-01
47.71 clothing stores,19.7,"Yearly development in percent, working day adjusted, constant prices",2021M03,2021-03-01
"47.74+47.75 retail sale of medical, cosmetic and toilet articles",9.5,"Yearly development in percent, working day adjusted, constant prices",2021M03,2021-03-01
47.11+47.2 retail sale with mostly food,,"Yearly development in percent, working day adjusted, constant prices",2021M04,2021-04-01
47.591-47.592 specialised stores for home furniture; specialised stores for office furniture,14.9,"Yearly development in percent, working day adjusted, constant prices",2021M04,2021-04-01
47.64 sports shops,5.4,"Yearly development in percent, working day adjusted, constant prices",2021M04,2021-04-01
47.71 clothing stores,18.1,"Yearly development in percent, working day adjusted, constant prices",2021M04,2021-04-01
"47.74+47.75 retail sale of medical, cosmetic and toilet articles",4.2,"Yearly development in percent, working day adjusted, constant prices",2021M04,2021-04-01
47.11+47.2 retail sale with mostly food,,"Yearly development in percent, working day adjusted, constant prices",2021M05,2021-05-01
47.591-47.592 specialised stores for home furniture; specialised stores for office furniture,9.1,"Yearly development in percent, working day adjusted, constant prices",2021M05,2021-05-01
47.64 sports shops,5.2,"Yearly development in percent, working day adjusted, constant prices",2021M05,2021-05-01
47.71 clothing stores,21.0,"Yearly development in percent, working day adjusted, constant prices",2021M05,2021-05-01
"47.74+47.75 retail sale of medical, cosmetic and toilet articles",12.8,"Yearly development in percent, working day adjusted, constant prices",2021M05,2021-05-01
47.11+47.2 retail sale with mostly food,,"Yearly development in percent, working day adjusted, constant prices",2021M06,2021-06-01
47.591-47.592 specialised stores for home furniture; specialised stores for office furniture,0.0,"Yearly development in percent, working day adjusted, constant prices",2021M06,2021-06-01
47.64 sports shops,-4.3,"Yearly development in percent, working day adjusted, constant prices",2021M06,2021-06-01
47.71 clothing stores,19.5,"Yearly development in percent, working day adjusted, constant prices",2021M06,2021-06-01
"47.74+47.75 retail sale of medical, cosmetic and toilet articles",5.9,"Yearly development in percent, working day adjusted, constant prices",2021M06,2021-06-01
47.11+47.2 retail sale with mostly food,,"Yearly development in percent, working day adjusted, constant prices",2021M07,2021-07-01
47.591-47.592 specialised stores for home furniture; specialised stores for office furniture,-3.0,"Yearly development in percent, working day adjusted, constant prices",2021M07,2021-07-01
47.64 sports shops,-3.3,"Yearly development in percent, working day adjusted, constant prices",2021M07,2021-07-01
47.71 clothing stores,15.5,"Yearly development in percent, working day adjusted, constant prices",2021M07,2021-07-01
"47.74+47.75 retail sale of medical, cosmetic and toilet articles",16.1,"Yearly development in percent, working day adjusted, constant prices",2021M07,2021-07-01
47.11+47.2 retail sale with mostly food,,"Yearly development in percent, working day adjusted, constant prices",2021M08,2021-08-01
47.591-47.592 specialised stores for home furniture; specialised stores for office furniture,6.5,"Yearly development in percent, working day adjusted, constant prices",2021M08,2021-08-01
47.64 sports shops,2.4,"Yearly development in percent, working day adjusted, constant prices",2021M08,2021-08-01
47.71 clothing stores,13.2,"Yearly development in percent, working day adjusted, constant prices",2021M08,2021-08-01
"47.74+47.75 retail sale of medical, cosmetic and toilet articles",9.1,"Yearly development in percent, working day adjusted, constant prices",2021M08,2021-08-01
47.11+47.2 retail sale with mostly food,,"Yearly development in percent, working day adjusted, constant prices",2021M09,2021-09-01
47.591-47.592 specialised stores for home furniture; specialised stores for office furniture,-4.5,"Yearly development in percent, working day adjusted, constant prices",2021M09,2021-09-01
47.64 sports shops,-4.4,"Yearly development in percent, working day adjusted, constant prices",2021M09,2021-09-01
47.71 clothing stores,-2.3,"Yearly development in percent, working day adjusted, constant prices",2021M09,2021-09-01
"47.74+47.75 retail sale of medical, cosmetic and toilet articles",9.4,"Yearly development in percent, working day adjusted, constant prices",2021M09,2021-09-01
47.11+47.2 retail sale with mostly food,,"Yearly development in percent, working day adjusted, constant prices",2021M10,2021-10-01
47.591-47.592 specialised stores for home furniture; specialised stores for office furniture,-5.1,"Yearly development in percent, working day adjusted, constant prices",2021M10,2021-10-01
47.64 sports shops,-2.6,"Yearly development in percent, working day adjusted, constant prices",2021M10,2021-10-01
47.71 clothing stores,7.2,"Yearly development in percent, working day adjusted, constant prices",2021M10,2021-10-01
"47.74+47.75 retail sale of medical, cosmetic and toilet articles",23.5,"Yearly development in percent, working day adjusted, constant prices",2021M10,2021-10-01
47.11+47.2 retail sale with mostly food,,"Yearly development in percent, working day adjusted, constant prices",2021M11,2021-11-01
47.591-47.592 specialised stores for home furniture; specialised stores for office furniture,3.0,"Yearly development in percent, working day adjusted, constant prices",2021M11,2021-11-01
47.64 sports shops,11.7,"Yearly development in percent, working day adjusted, constant prices",2021M11,2021-11-01
47.71 clothing stores,33.7,"Yearly development in percent, working day adjusted, constant prices",2021M11,2021-11-01
"47.74+47.75 retail sale of medical, cosmetic and toilet articles",21.1,"Yearly development in percent, working day adjusted, constant prices",2021M11,2021-11-01
47.11+47.2 retail sale with mostly food,,"Yearly development in percent, working day adjusted, constant prices",2021M12,2021-12-01
47.591-47.592 specialised stores for home furniture; specialised stores for office furniture,-0.3,"Yearly development in percent, working day adjusted, constant prices",2021M12,2021-12-01
47.64 sports shops,17.2,"Yearly development in percent, working day adjusted, constant prices",2021M12,2021-12-01
47.71 clothing stores,24.0,"Yearly development in percent, working day adjusted, constant prices",2021M12,2021-12-01
"47.74+47.75 retail sale of medical, cosmetic and toilet articles",16.5,"Yearly development in percent, working day adjusted, constant prices",2021M12,2021-12-01
47.11+47.2 retail sale with mostly food,,"Yearly development in percent, working day adjusted, constant prices",2022M01,2022-01-01
47.591-47.592 specialised stores for home furniture; specialised stores for office furniture,-0.9,"Yearly development in percent, working day adjusted, constant prices",2022M01,2022-01-01
47.64 sports shops,-17.0,"Yearly development in percent, working day adjusted, constant prices",2022M01,2022-01-01
47.71 clothing stores,-1.8,"Yearly development in percent, working day adjusted, constant prices",2022M01,2022-01-01
"47.74+47.75 retail sale of medical, cosmetic and toilet articles",13.8,"Yearly development in percent, working day adjusted, constant prices",2022M01,2022-01-01
47.11+47.2 retail sale with mostly food,,"Yearly development in percent, working day adjusted, constant prices",2022M02,2022-02-01
47.591-47.592 specialised stores for home furniture; specialised stores for office furniture,-8.9,"Yearly development in percent, working day adjusted, constant prices",2022M02,2022-02-01
47.64 sports shops,-9.0,"Yearly development in percent, working day adjusted, constant prices",2022M02,2022-02-01
47.71 clothing stores,14.3,"Yearly development in percent, working day adjusted, constant prices",2022M02,2022-02-01
"47.74+47.75 retail sale of medical, cosmetic and toilet articles",6.6,"Yearly development in percent, working day adjusted, constant prices",2022M02,2022-02-01
47.11+47.2 retail sale with mostly food,,"Yearly development in percent, working day adjusted, constant prices",2022M03,2022-03-01
47.591-47.592 specialised stores for home furniture; specialised stores for office furniture,-12.1,"Yearly development in percent, working day adjusted, constant prices",2022M03,2022-03-01
47.64 sports shops,-4.0,"Yearly development in percent, working day adjusted, constant prices",2022M03,2022-03-01
47.71 clothing stores,14.9,"Yearly development in percent, working day adjusted, constant prices",2022M03,2022-03-01
"47.74+47.75 retail sale of medical, cosmetic and toilet articles",8.9,"Yearly development in percent, working day adjusted, constant prices",2022M03,2022-03-01
47.11+47.2 retail sale with mostly food,,"Yearly development in percent, working day adjusted, constant prices",2022M04,2022-04-01
47.591-47.592 specialised stores for home furniture; specialised stores for office furniture,-12.5,"Yearly development in percent, working day adjusted, constant prices",2022M04,2022-04-01
47.64 sports shops,-7.1,"Yearly development in percent, working day adjusted, constant prices",2022M04,2022-04-01
47.71 clothing stores,36.3,"Yearly development in percent, working day adjusted, constant prices",2022M04,2022-04-01
"47.74+47.75 retail sale of medical, cosmetic and toilet articles",21.1,"Yearly development in percent, working day adjusted, constant prices",2022M04,2022-04-01
47.11+47.2 retail sale with mostly food,,"Yearly development in percent, working day adjusted, constant prices",2022M05,2022-05-01
47.591-47.592 specialised stores for home furniture; specialised stores for office furniture,-14.2,"Yearly development in percent, working day adjusted, constant prices",2022M05,2022-05-01
47.64 sports shops,-9.7,"Yearly development in percent, working day adjusted, constant prices",2022M05,2022-05-01
47.71 clothing stores,20.3,"Yearly development in percent, working day adjusted, constant prices",2022M05,2022-05-01
"47.74+47.75 retail sale of medical, cosmetic and toilet articles",17.1,"Yearly development in percent, working day adjusted, constant prices",2022M05,2022-05-01
47.11+47.2 retail sale with mostly food,,"Yearly development in percent, working day adjusted, constant prices",2022M06,2022-06-01
47.591-47.592 specialised stores for home furniture; specialised stores for office furniture,-13.8,"Yearly development in percent, working day adjusted, constant prices",2022M06,2022-06-01
47.64 sports shops,-10.2,"Yearly development in percent, working day adjusted, constant prices",2022M06,2022-06-01
47.71 clothing stores,1.5,"Yearly development in percent, working day adjusted, constant prices",2022M06,2022-06-01
"47.74+47.75 retail sale of medical, cosmetic and toilet articles",8.4,"Yearly development in percent, working day adjusted, constant prices",2022M06,2022-06-01
47.11+47.2 retail sale with mostly food,,"Yearly development in percent, working day adjusted, constant prices",2022M07,2022-07-01
47.591-47.592 specialised stores for home furniture; specialised stores for office furniture,-14.2,"Yearly development in percent, working day adjusted, constant prices",2022M07,2022-07-01
47.64 sports shops,-8.8,"Yearly development in percent, working day adjusted, constant prices",2022M07,2022-07-01
47.71 clothing stores,-1.5,"Yearly development in percent, working day adjusted, constant prices",2022M07,2022-07-01
"47.74+47.75 retail sale of medical, cosmetic and toilet articles",-5.4,"Yearly development in percent, working day adjusted, constant prices",2022M07,2022-07-01
47.11+47.2 retail sale with mostly food,,"Yearly development in percent, working day adjusted, constant prices",2022M08,2022-08-01
47.591-47.592 specialised stores for home furniture; specialised stores for office furniture,-13.9,"Yearly development in percent, working day adjusted, constant prices",2022M08,2022-08-01
47.64 sports shops,-10.6,"Yearly development in percent, working day adjusted, constant prices",2022M08,2022-08-01
47.71 clothing stores,-4.2,"Yearly development in percent, working day adjusted, constant prices",2022M08,2022-08-01
"47.74+47.75 retail sale of medical, cosmetic and toilet articles",0.3,"Yearly development in percent, working day adjusted, constant prices",2022M08,2022-08-01
47.11+47.2 retail sale with mostly food,,"Yearly development in percent, working day adjusted, constant prices",2022M09,2022-09-01
47.591-47.592 specialised stores for home furniture; specialised stores for office furniture,-12.7,"Yearly development in percent, working day adjusted, constant prices",2022M09,2022-09-01
47.64 sports shops,-6.5,"Yearly development in percent, working day adjusted, constant prices",2022M09,2022-09-01
47.71 clothing stores,9.0,"Yearly development in percent, working day adjusted, constant prices",2022M09,2022-09-01
"47.74+47.75 retail sale of medical, cosmetic and toilet articles",-5.5,"Yearly development in percent, working day adjusted, constant prices",2022M09,2022-09-01
47.11+47.2 retail sale with mostly food,,"Yearly development in percent, working day adjusted, constant prices",2022M10,2022-10-01
47.591-47.592 specialised stores for home furniture; specialised stores for office furniture,-17.0,"Yearly development in percent, working day adjusted, constant prices",2022M10,2022-10-01
47.64 sports shops,-12.6,"Yearly development in percent, working day adjusted, constant prices",2022M10,2022-10-01
47.71 clothing stores,2.2,"Yearly development in percent, working day adjusted, constant prices",2022M10,2022-10-01
"47.74+47.75 retail sale of medical, cosmetic and toilet articles",-14.8,"Yearly development in percent, working day adjusted, constant prices",2022M10,2022-10-01
47.11+47.2 retail sale with mostly food,,"Yearly development in percent, working day adjusted, constant prices",2022M11,2022-11-01
47.591-47.592 specialised stores for home furniture; specialised stores for office furniture,-20.0,"Yearly development in percent, working day adjusted, constant prices",2022M11,2022-11-01
47.64 sports shops,-10.0,"Yearly development in percent, working day adjusted, constant prices",2022M11,2022-11-01
47.71 clothing stores,3.9,"Yearly development in percent, working day adjusted, constant prices",2022M11,2022-11-01
"47.74+47.75 retail sale of medical, cosmetic and toilet articles",-7.7,"Yearly development in percent, working day adjusted, constant prices",2022M11,2022-11-01
47.11+47.2 retail sale with mostly food,,"Yearly development in percent, working day adjusted, constant prices",2022M12,2022-12-01
47.591-47.592 specialised stores for home furniture; specialised stores for office furniture,-17.0,"Yearly development in percent, working day adjusted, constant prices",2022M12,2022-12-01
47.64 sports shops,-14.1,"Yearly development in percent, working day adjusted, constant prices",2022M12,2022-12-01
47.71 clothing stores,5.9,"Yearly development in percent, working day adjusted, constant prices",2022M12,2022-12-01
"47.74+47.75 retail sale of medical, cosmetic and toilet articles",-7.9,"Yearly development in percent, working day adjusted, constant prices",2022M12,2022-12-01
47.11+47.2 retail sale with mostly food,,"Yearly development in percent, working day adjusted, constant prices",2023M01,2023-01-01
47.591-47.592 specialised stores for home furniture; specialised stores for office furniture,-18.2,"Yearly development in percent, working day adjusted, constant prices",2023M01,2023-01-01
47.64 sports shops,-5.0,"Yearly development in percent, working day adjusted, constant prices",2023M01,2023-01-01
47.71 clothing stores,28.9,"Yearly development in percent, working day adjusted, constant prices",2023M01,2023-01-01
"47.74+47.75 retail sale of medical, cosmetic and toilet articles",9.0,"Yearly development in percent, working day adjusted, constant prices",2023M01,2023-01-01
47.11+47.2 retail sale with mostly food,,"Yearly development in percent, working day adjusted, constant prices",2023M02,2023-02-01
47.591-47.592 specialised stores for home furniture; specialised stores for office furniture,-20.5,"Yearly development in percent, working day adjusted, constant prices",2023M02,2023-02-01
47.64 sports shops,-11.4,"Yearly development in percent, working day adjusted, constant prices",2023M02,2023-02-01
47.71 clothing stores,5.0,"Yearly development in percent, working day adjusted, constant prices",2023M02,2023-02-01
"47.74+47.75 retail sale of medical, cosmetic and toilet articles",-14.2,"Yearly development in percent, working day adjusted, constant prices",2023M02,2023-02-01
47.11+47.2 retail sale with mostly food,,"Yearly development in percent, working day adjusted, constant prices",2023M03,2023-03-01
47.591-47.592 specialised stores for home furniture; specialised stores for office furniture,-20.5,"Yearly development in percent, working day adjusted, constant prices",2023M03,2023-03-01
47.64 sports shops,-18.1,"Yearly development in percent, working day adjusted, constant prices",2023M03,2023-03-01
47.71 clothing stores,-0.9,"Yearly development in percent, working day adjusted, constant prices",2023M03,2023-03-01
"47.74+47.75 retail sale of medical, cosmetic and toilet articles",10.9,"Yearly development in percent, working day adjusted, constant prices",2023M03,2023-03-01
47.11+47.2 retail sale with mostly food,,"Yearly development in percent, working day adjusted, constant prices",2023M04,2023-04-01
47.591-47.592 specialised stores for home furniture; specialised stores for office furniture,-19.7,"Yearly development in percent, working day adjusted, constant prices",2023M04,2023-04-01
47.64 sports shops,-6.1,"Yearly development in percent, working day adjusted, constant prices",2023M04,2023-04-01
47.71 clothing stores,-9.6,"Yearly development in percent, working day adjusted, constant prices",2023M04,2023-04-01
"47.74+47.75 retail sale of medical, cosmetic and toilet articles",4.7,"Yearly development in percent, working day adjusted, constant prices",2023M04,2023-04-01
47.11+47.2 retail sale with mostly food,,"Yearly development in percent, working day adjusted, constant prices",2023M05,2023-05-01
47.591-47.592 specialised stores for home furniture; specialised stores for office furniture,-18.6,"Yearly development in percent, working day adjusted, constant prices",2023M05,2023-05-01
47.64 sports shops,-5.7,"Yearly development in percent, working day adjusted, constant prices",2023M05,2023-05-01
47.71 clothing stores,-5.9,"Yearly development in percent, working day adjusted, constant prices",2023M05,2023-05-01
"47.74+47.75 retail sale of medical, cosmetic and toilet articles",-3.5,"Yearly development in percent, working day adjusted, constant prices",2023M05,2023-05-01
47.11+47.2 retail sale with mostly food,,"Yearly development in percent, working day adjusted, constant prices",2023M06,2023-06-01
47.591-47.592 specialised stores for home furniture; specialised stores for office furniture,-16.0,"Yearly development in percent, working day adjusted, constant prices",2023M06,2023-06-01
47.64 sports shops,-7.7,"Yearly development in percent, working day adjusted, constant prices",2023M06,2023-06-01
47.71 clothing stores,-2.4,"Yearly development in percent, working day adjusted, constant prices",2023M06,2023-06-01
"47.74+47.75 retail sale of medical, cosmetic and toilet articles",16.0,"Yearly development in percent, working day adjusted, constant prices",2023M06,2023-06-01
47.11+47.2 retail sale with mostly food,,"Yearly development in percent, working day adjusted, constant prices",2023M07,2023-07-01
47.591-47.592 specialised stores for home furniture; specialised stores for office furniture,-8.4,"Yearly development in percent, working day adjusted, constant prices",2023M07,2023-07-01
47.64 sports shops,-4.0,"Yearly development in percent, working day adjusted, constant prices",2023M07,2023-07-01
47.71 clothing stores,-4.3,"Yearly development in percent, working day adjusted, constant prices",2023M07,2023-07-01
"47.74+47.75 retail sale of medical, cosmetic and toilet articles",12.6,"Yearly development in percent, working day adjusted, constant prices",2023M07,2023-07-01
47.11+47.2 retail sale with mostly food,,"Yearly development in percent, working day adjusted, constant prices",2023M08,2023-08-01
47.591-47.592 specialised stores for home furniture; specialised stores for office furniture,-7.4,"Yearly development in percent, working day adjusted, constant prices",2023M08,2023-08-01
47.64 sports shops,-9.5,"Yearly development in percent, working day adjusted, constant prices",2023M08,2023-08-01
47.71 clothing stores,0.5,"Yearly development in percent, working day adjusted, constant prices",2023M08,2023-08-01
"47.74+47.75 retail sale of medical, cosmetic and toilet articles",11.9,"Yearly development in percent, working day adjusted, constant prices",2023M08,2023-08-01
47.11+47.2 retail sale with mostly food,,"Yearly development in percent, working day adjusted, constant prices",2023M09,2023-09-01
47.591-47.592 specialised stores for home furniture; specialised stores for office furniture,-19.6,"Yearly development in percent, working day adjusted, constant prices",2023M09,2023-09-01
47.64 sports shops,-4.5,"Yearly development in percent, working day adjusted, constant prices",2023M09,2023-09-01
47.71 clothing stores,-13.6,"Yearly development in percent, working day adjusted, constant prices",2023M09,2023-09-01
"47.74+47.75 retail sale of medical, cosmetic and toilet articles",0.6,"Yearly development in percent, working day adjusted, constant prices",2023M09,2023-09-01
47.11+47.2 retail sale with mostly food,,"Yearly development in percent, working day adjusted, constant prices",2023M10,2023-10-01
47.591-47.592 specialised stores for home furniture; specialised stores for office furniture,-11.3,"Yearly development in percent, working day adjusted, constant prices",2023M10,2023-10-01
47.64 sports shops,2.8,"Yearly development in percent, working day adjusted, constant prices",2023M10,2023-10-01
47.71 clothing stores,-8.0,"Yearly development in percent, working day adjusted, constant prices",2023M10,2023-10-01
"47.74+47.75 retail sale of medical, cosmetic and toilet articles",5.9,"Yearly development in percent, working day adjusted, constant prices",2023M10,2023-10-01
47.11+47.2 retail sale with mostly food,,"Yearly development in percent, working day adjusted, constant prices",2023M11,2023-11-01
47.591-47.592 specialised stores for home furniture; specialised stores for office furniture,-9.4,"Yearly development in percent, working day adjusted, constant prices",2023M11,2023-11-01
47.64 sports shops,-0.2,"Yearly development in percent, working day adjusted, constant prices",2023M11,2023-11-01
47.71 clothing stores,-7.7,"Yearly development in percent, working day adjusted, constant prices",2023M11,2023-11-01
"47.74+47.75 retail sale of medical, cosmetic and toilet articles",12.4,"Yearly development in percent, working day adjusted, constant prices",2023M11,2023-11-01
47.11+47.2 retail sale with mostly food,,"Yearly development in percent, working day adjusted, constant prices",2023M12,2023-12-01
47.591-47.592 specialised stores for home furniture; specialised stores for office furniture,-11.1,"Yearly development in percent, working day adjusted, constant prices",2023M12,2023-12-01
47.64 sports shops,-8.6,"Yearly development in percent, working day adjusted, constant prices",2023M12,2023-12-01
47.71 clothing stores,-10.3,"Yearly development in percent, working day adjusted, constant prices",2023M12,2023-12-01
"47.74+47.75 retail sale of medical, cosmetic and toilet articles",26.4,"Yearly development in percent, working day adjusted, constant prices",2023M12,2023-12-01
47.11+47.2 retail sale with mostly food,0.6,"Yearly development in percent, working day adjusted, constant prices",2024M01,2024-01-01
47.591-47.592 specialised stores for home furniture; specialised stores for office furniture,-10.0,"Yearly development in percent, working day adjusted, constant prices",2024M01,2024-01-01
47.64 sports shops,-9.5,"Yearly development in percent, working day adjusted, constant prices",2024M01,2024-01-01
47.71 clothing stores,-9.5,"Yearly development in percent, working day adjusted, constant prices",2024M01,2024-01-01
"47.74+47.75 retail sale of medical, cosmetic and toilet articles",16.8,"Yearly development in percent, working day adjusted, constant prices",2024M01,2024-01-01
47.11+47.2 retail sale with mostly food,2.2,"Yearly development in percent, working day adjusted, constant prices",2024M02,2024-02-01
47.591-47.592 specialised stores for home furniture; specialised stores for office furniture,-8.7,"Yearly development in percent, working day adjusted, constant prices",2024M02,2024-02-01
47.64 sports shops,-6.9,"Yearly development in percent, working day adjusted, constant prices",2024M02,2024-02-01
47.71 clothing stores,-10.5,"Yearly development in percent, working day adjusted, constant prices",2024M02,2024-02-01
"47.74+47.75 retail sale of medical, cosmetic and toilet articles",37.6,"Yearly development in percent, working day adjusted, constant prices",2024M02,2024-02-01
47.11+47.2 retail sale with mostly food,1.8,"Yearly development in percent, working day adjusted, constant prices",2024M03,2024-03-01
47.591-47.592 specialised stores for home furniture; specialised stores for office furniture,-8.9,"Yearly development in percent, working day adjusted, constant prices",2024M03,2024-03-01
47.64 sports shops,-6.7,"Yearly development in percent, working day adjusted, constant prices",2024M03,2024-03-01
47.71 clothing stores,-8.3,"Yearly development in percent, working day adjusted, constant prices",2024M03,2024-03-01
"47.74+47.75 retail sale of medical, cosmetic and toilet articles",19.7,"Yearly development in percent, working day adjusted, constant prices",2024M03,2024-03-01
47.11+47.2 retail sale with mostly food,1.4,"Yearly development in percent, working day adjusted, constant prices",2024M04,2024-04-01
47.591-47.592 specialised stores for home furniture; specialised stores for office furniture,-4.3,"Yearly development in percent, working day adjusted, constant prices",2024M04,2024-04-01
47.64 sports shops,-7.2,"Yearly development in percent, working day adjusted, constant prices",2024M04,2024-04-01
47.71 clothing stores,-7.2,"Yearly development in percent, working day adjusted, constant prices",2024M04,2024-04-01
"47.74+47.75 retail sale of medical, cosmetic and toilet articles",11.7,"Yearly development in percent, working day adjusted, constant prices",2024M04,2024-04-01
47.11+47.2 retail sale with mostly food,1.3,"Yearly development in percent, working day adjusted, constant prices",2024M05,2024-05-01
47.591-47.592 specialised stores for home furniture; specialised stores for office furniture,-9.9,"Yearly development in percent, working day adjusted, constant prices",2024M05,2024-05-01
47.64 sports shops,-3.6,"Yearly development in percent, working day adjusted, constant prices",2024M05,2024-05-01
47.71 clothing stores,0.2,"Yearly development in percent, working day adjusted, constant prices",2024M05,2024-05-01
"47.74+47.75 retail sale of medical, cosmetic and toilet articles",14.7,"Yearly development in percent, working day adjusted, constant prices",2024M05,2024-05-01
47.11+47.2 retail sale with mostly food,0.4,"Yearly development in percent, working day adjusted, constant prices",2024M06,2024-06-01
47.591-47.592 specialised stores for home furniture; specialised stores for office furniture,-3.6,"Yearly development in percent, working day adjusted, constant prices",2024M06,2024-06-01
47.64 sports shops,-7.8,"Yearly development in percent, working day adjusted, constant prices",2024M06,2024-06-01
47.71 clothing stores,-16.1,"Yearly development in percent, working day adjusted, constant prices",2024M06,2024-06-01
"47.74+47.75 retail sale of medical, cosmetic and toilet articles",7.4,"Yearly development in percent, working day adjusted, constant prices",2024M06,2024-06-01
47.11+47.2 retail sale with mostly food,0.0,"Yearly development in percent, working day adjusted, constant prices",2024M07,2024-07-01
47.591-47.592 specialised stores for home furniture; specialised stores for office furniture,-8.2,"Yearly development in percent, working day adjusted, constant prices",2024M07,2024-07-01
47.64 sports shops,-9.7,"Yearly development in percent, working day adjusted, constant prices",2024M07,2024-07-01
47.71 clothing stores,-4.5,"Yearly development in percent, working day adjusted, constant prices",2024M07,2024-07-01
"47.74+47.75 retail sale of medical, cosmetic and toilet articles",10.9,"Yearly development in percent, working day adjusted, constant prices",2024M07,2024-07-01
47.11+47.2 retail sale with mostly food,0.4,"Yearly development in percent, working day adjusted, constant prices",2024M08,2024-08-01
47.591-47.592 specialised stores for home furniture; specialised stores for office furniture,-7.9,"Yearly development in percent, working day adjusted, constant prices",2024M08,2024-08-01
47.64 sports shops,2.5,"Yearly development in percent, working day adjusted, constant prices",2024M08,2024-08-01
47.71 clothing stores,-7.8,"Yearly development in percent, working day adjusted, constant prices",2024M08,2024-08-01
"47.74+47.75 retail sale of medical, cosmetic and toilet articles",15.3,"Yearly development in percent, working day adjusted, constant prices",2024M08,2024-08-01
47.11+47.2 retail sale with mostly food,1.6,"Yearly development in percent, working day adjusted, constant prices",2024M09,2024-09-01
47.591-47.592 specialised stores for home furniture; specialised stores for office furniture,-1.9,"Yearly development in percent, working day adjusted, constant prices",2024M09,2024-09-01
47.64 sports shops,-0.9,"Yearly development in percent, working day adjusted, constant prices",2024M09,2024-09-01
47.71 clothing stores,-2.2,"Yearly development in percent, working day adjusted, constant prices",2024M09,2024-09-01
"47.74+47.75 retail sale of medical, cosmetic and toilet articles",25.3,"Yearly development in percent, working day adjusted, constant prices",2024M09,2024-09-01
47.11+47.2 retail sale with mostly food,0.6,"Yearly development in percent, working day adjusted, constant prices",2024M10,2024-10-01
47.591-47.592 specialised stores for home furniture; specialised stores for office furniture,4.0,"Yearly development in percent, working day adjusted, constant prices",2024M10,2024-10-01
47.64 sports shops,-2.6,"Yearly development in percent, working day adjusted, constant prices",2024M10,2024-10-01
47.71 clothing stores,-5.3,"Yearly development in percent, working day adjusted, constant prices",2024M10,2024-10-01
"47.74+47.75 retail sale of medical, cosmetic and toilet articles",19.3,"Yearly development in percent, working day adjusted, constant prices",2024M10,2024-10-01
47.11+47.2 retail sale with mostly food,0.6,"Yearly development in percent, working day adjusted, constant prices",2024M11,2024-11-01
47.591-47.592 specialised stores for home furniture; specialised stores for office furniture,3.8,"Yearly development in percent, working day adjusted, constant prices",2024M11,2024-11-01
47.64 sports shops,-3.7,"Yearly development in percent, working day adjusted, constant prices",2024M11,2024-11-01
47.71 clothing stores,-10.0,"Yearly development in percent, working day adjusted, constant prices",2024M11,2024-11-01
"47.74+47.75 retail sale of medical, cosmetic and toilet articles",10.5,"Yearly development in percent, working day adjusted, constant prices",2024M11,2024-11-01
47.11+47.2 retail sale with mostly food,1.8,"Yearly development in percent, working day adjusted, constant prices",2024M12,2024-12-01
47.591-47.592 specialised stores for home furniture; specialised stores for office furniture,9.3,"Yearly development in percent, working day adjusted, constant prices",2024M12,2024-12-01
47.64 sports shops,10.1,"Yearly development in percent, working day adjusted, constant prices",2024M12,2024-12-01
47.71 clothing stores,1.6,"Yearly development in percent, working day adjusted, constant prices",2024M12,2024-12-01
"47.74+47.75 retail sale of medical, cosmetic and toilet articles",19.1,"Yearly development in percent, working day adjusted, constant prices",2024M12,2024-12-01
47.11+47.2 retail sale with mostly food,0.3,"Yearly development in percent, working day adjusted, constant prices",2025M01,2025-01-01
47.591-47.592 specialised stores for home furniture; specialised stores for office furniture,4.4,"Yearly development in percent, working day adjusted, constant prices",2025M01,2025-01-01
47.64 sports shops,6.9,"Yearly development in percent, working day adjusted, constant prices",2025M01,2025-01-01
47.71 clothing stores,-8.7,"Yearly development in percent, working day adjusted, constant prices",2025M01,2025-01-01
"47.74+47.75 retail sale of medical, cosmetic and toilet articles",-0.8,"Yearly development in percent, working day adjusted, constant prices",2025M01,2025-01-01
47.11+47.2 retail sale with mostly food,0.2,"Yearly development in percent, working day adjusted, constant prices",2025M02,2025-02-01
47.591-47.592 specialised stores for home furniture; specialised stores for office furniture,10.9,"Yearly development in percent, working day adjusted, constant prices",2025M02,2025-02-01
47.64 sports shops,3.3,"Yearly development in percent, working day adjusted, constant prices",2025M02,2025-02-01
47.71 clothing stores,-9.1,"Yearly development in percent, working day adjusted, constant prices",2025M02,2025-02-01
"47.74+47.75 retail sale of medical, cosmetic and toilet articles",1.1,"Yearly development in percent, working day adjusted, constant prices",2025M02,2025-02-01
47.11+47.2 retail sale with mostly food,0.0,"Yearly development in percent, working day adjusted, constant prices",2025M03,2025-03-01
47.591-47.592 specialised stores for home furniture; specialised stores for office furniture,10.0,"Yearly development in percent, working day adjusted, constant prices",2025M03,2025-03-01
47.64 sports shops,14.1,"Yearly development in percent, working day adjusted, constant prices",2025M03,2025-03-01
47.71 clothing stores,-1.2,"Yearly development in percent, working day adjusted, constant prices",2025M03,2025-03-01
"47.74+47.75 retail sale of medical, cosmetic and toilet articles",-6.3,"Yearly development in percent, working day adjusted, constant prices",2025M03,2025-03-01
47.11+47.2 retail sale with mostly food,2.0,"Yearly development in percent, working day adjusted, constant prices",2025M04,2025-04-01
47.591-47.592 specialised stores for home furniture; specialised stores for office furniture,6.1,"Yearly development in percent, working day adjusted, constant prices",2025M04,2025-04-01
47.64 sports shops,6.4,"Yearly development in percent, working day adjusted, constant prices",2025M04,2025-04-01
47.71 clothing stores,1.6,"Yearly development in percent, working day adjusted, constant prices",2025M04,2025-04-01
"47.74+47.75 retail sale of medical, cosmetic and toilet articles",-2.2,"Yearly development in percent, working day adjusted, constant prices",2025M04,2025-04-01
47.11+47.2 retail sale with mostly food,-1.9,"Yearly development in percent, working day adjusted, constant prices",2025M05,2025-05-01
47.591-47.592 specialised stores for home furniture; specialised stores for office furniture,10.9,"Yearly development in percent, working day adjusted, constant prices",2025M05,2025-05-01
47.64 sports shops,-8.9,"Yearly development in percent, working day adjusted, constant prices",2025M05,2025-05-01
47.71 clothing stores,-14.8,"Yearly development in percent, working day adjusted, constant prices",2025M05,2025-05-01
"47.74+47.75 retail sale of medical, cosmetic and toilet articles",-4.4,"Yearly development in percent, working day adjusted, constant prices",2025M05,2025-05-01
47.11+47.2 retail sale with mostly food,-1.4,"Yearly development in percent, working day adjusted, constant prices",2025M06,2025-06-01
47.591-47.592 specialised stores for home furniture; specialised stores for office furniture,4.3,"Yearly development in percent, working day adjusted, constant prices",2025M06,2025-06-01
47.64 sports shops,4.9,"Yearly development in percent, working day adjusted, constant prices",2025M06,2025-06-01
47.71 clothing stores,6.3,"Yearly development in percent, working day adjusted, constant prices",2025M06,2025-06-01
"47.74+47.75 retail sale of medical, cosmetic and toilet articles",11.2,"Yearly development in percent, working day adjusted, constant prices",2025M06,2025-06-01
47.11+47.2 retail sale with mostly food,1.3,"Yearly development in percent, working day adjusted, constant prices",2025M07,2025-07-01
47.591-47.592 specialised stores for home furniture; specialised stores for office furniture,5.4,"Yearly development in percent, working day adjusted, constant prices",2025M07,2025-07-01
47.64 sports shops,0.9,"Yearly development in percent, working day adjusted, constant prices",2025M07,2025-07-01
47.71 clothing stores,2.7,"Yearly development in percent, working day adjusted, constant prices",2025M07,2025-07-01
"47.74+47.75 retail sale of medical, cosmetic and toilet articles",-5.1,"Yearly development in percent, working day adjusted, constant prices",2025M07,2025-07-01
47.11+47.2 retail sale with mostly food,0.4,"Yearly development in percent, working day adjusted, constant prices",2025M08,2025-08-01
47.591-47.592 specialised stores for home furniture; specialised stores for office furniture,7.9,"Yearly development in percent, working day adjusted, constant prices",2025M08,2025-08-01
47.64 sports shops,1.7,"Yearly development in percent, working day adjusted, constant prices",2025M08,2025-08-01
47.71 clothing stores,5.5,"Yearly development in percent, working day adjusted, constant prices",2025M08,2025-08-01
"47.74+47.75 retail sale of medical, cosmetic and toilet articles",1.3,"Yearly development in percent, working day adjusted, constant prices",2025M08,2025-08-01
47.11+47.2 retail sale with mostly food,0.1,"Yearly development in percent, working day adjusted, constant prices",2025M09,2025-09-01
47.591-47.592 specialised stores for home furniture; specialised stores for office furniture,12.1,"Yearly development in percent, working day adjusted, constant prices",2025M09,2025-09-01
47.64 sports shops,6.4,"Yearly development in percent, working day adjusted, constant prices",2025M09,2025-09-01
47.71 clothing stores,4.9,"Yearly development in percent, working day adjusted, constant prices",2025M09,2025-09-01
"47.74+47.75 retail sale of medical, cosmetic and toilet articles",6.5,"Yearly development in percent, working day adjusted, constant prices",2025M09,2025-09-01
47.11+47.2 retail sale with mostly food,0.4,"Yearly development in percent, working day adjusted, constant prices",2025M10,2025-10-01
47.591-47.592 specialised stores for home furniture; specialised stores for office furniture,6.3,"Yearly development in percent, working day adjusted, constant prices",2025M10,2025-10-01
47.64 sports shops,0.1,"Yearly development in percent, working day adjusted, constant prices",2025M10,2025-10-01
47.71 clothing stores,2.4,"Yearly development in percent, working day adjusted, constant prices",2025M10,2025-10-01
"47.74+47.75 retail sale of medical, cosmetic and toilet articles",29.2,"Yearly development in percent, working day adjusted, constant prices",2025M10,2025-10-01
47.11+47.2 retail sale with mostly food,1.5,"Yearly development in percent, working day adjusted, constant prices",2025M11,2025-11-01
47.591-47.592 specialised stores for home furniture; specialised stores for office furniture,7.1,"Yearly development in percent, working day adjusted, constant prices",2025M11,2025-11-01
47.64 sports shops,-1.6,"Yearly development in percent, working day adjusted, constant prices",2025M11,2025-11-01
47.71 clothing stores,7.5,"Yearly development in percent, working day adjusted, constant prices",2025M11,2025-11-01
"47.74+47.75 retail sale of medical, cosmetic and toilet articles",17.0,"Yearly development in percent, working day adjusted, constant prices",2025M11,2025-11-01
47.11+47.2 retail sale with mostly food,-0.5,"Yearly development in percent, working day adjusted, constant prices",2025M12,2025-12-01
47.591-47.592 specialised stores for home furniture; specialised stores for office furniture,5.2,"Yearly development in percent, working day adjusted, constant prices",2025M12,2025-12-01
47.64 sports shops,-4.5,"Yearly development in percent, working day adjusted, constant prices",2025M12,2025-12-01
47.71 clothing stores,-3.6,"Yearly development in percent, working day adjusted, constant prices",2025M12,2025-12-01
"47.74+47.75 retail sale of medical, cosmetic and toilet articles",-1.0,"Yearly development in percent, working day adjusted, constant prices",2025M12,2025-12-01
47.11+47.2 retail sale with mostly food,0.5,"Yearly development in percent, working day adjusted, constant prices",2026M01,2026-01-01
47.591-47.592 specialised stores for home furniture; specialised stores for office furniture,7.1,"Yearly development in percent, working day adjusted, constant prices",2026M01,2026-01-01
47.64 sports shops,6.9,"Yearly development in percent, working day adjusted, constant prices",2026M01,2026-01-01
47.71 clothing stores,1.9,"Yearly development in percent, working day adjusted, constant prices",2026M01,2026-01-01
"47.74+47.75 retail sale of medical, cosmetic and toilet articles",10.2,"Yearly development in percent, working day adjusted, constant prices",2026M01,2026-01-01
47.11+47.2 retail sale with mostly food,-0.2,"Yearly development in percent, working day adjusted, constant prices",2026M02,2026-02-01
47.591-47.592 specialised stores for home furniture; specialised stores for office furniture,1.9,"Yearly development in percent, working day adjusted, constant prices",2026M02,2026-02-01
47.64 sports shops,3.8,"Yearly development in percent, working day adjusted, constant prices",2026M02,2026-02-01
47.71 clothing stores,2.8,"Yearly development in percent, working day adjusted, constant prices",2026M02,2026-02-01
"47.74+47.75 retail sale of medical, cosmetic and toilet articles",14.3,"Yearly development in percent, working day adjusted, constant prices",2026M02,2026-02-01
47.11+47.2 retail sale with mostly food,1.8,"Yearly development in percent, working day adjusted, constant prices",2026M03,2026-03-01
47.591-47.592 specialised stores for home furniture; specialised stores for office furniture,8.3,"Yearly development in percent, working day adjusted, constant prices",2026M03,2026-03-01
47.64 sports shops,3.8,"Yearly development in percent, working day adjusted, constant prices",2026M03,2026-03-01
47.71 clothing stores,7.9,"Yearly development in percent, working day adjusted, constant prices",2026M03,2026-03-01
"47.74+47.75 retail sale of medical, cosmetic and toilet articles",19.0,"Yearly development in percent, working day adjusted, constant prices",2026M03,2026-03-01
47.11+47.2 retail sale with mostly food,3.2,"Yearly development in percent, working day adjusted, constant prices",2026M04,2026-04-01
47.591-47.592 specialised stores for home furniture; specialised stores for office furniture,4.5,"Yearly development in percent, working day adjusted, constant prices",2026M04,2026-04-01
47.64 sports shops,-0.1,"Yearly development in percent, working day adjusted, constant prices",2026M04,2026-04-01
47.71 clothing stores,0.1,"Yearly development in percent, working day adjusted, constant prices",2026M04,2026-04-01
"47.74+47.75 retail sale of medical, cosmetic and toilet articles",18.5,"Yearly development in percent, working day adjusted, constant prices",2026M04,2026-04-01
47.11+47.2 retail sale with mostly food,5.1,"Yearly development in percent, working day adjusted, constant prices",2026M05,2026-05-01
47.591-47.592 specialised stores for home furniture; specialised stores for office furniture,9.4,"Yearly development in percent, working day adjusted, constant prices",2026M05,2026-05-01
47.64 sports shops,8.5,"Yearly development in percent, working day adjusted, constant prices",2026M05,2026-05-01
47.71 clothing stores,9.1,"Yearly development in percent, working day adjusted, constant prices",2026M05,2026-05-01
"47.74+47.75 retail sale of medical, cosmetic and toilet articles",13.3,"Yearly development in percent, working day adjusted, constant prices",2026M05,2026-05-01
47.11+47.2 retail sale with mostly food,4.5,"Yearly development in percent, working day adjusted, constant prices",2026M06,2026-06-01
47.591-47.592 specialised stores for home furniture; specialised stores for office furniture,9.0,"Yearly development in percent, working day adjusted, constant prices",2026M06,2026-06-01
47.64 sports shops,7.7,"Yearly development in percent, working day adjusted, constant prices",2026M06,2026-06-01
47.71 clothing stores,6.5,"Yearly development in percent, working day adjusted, constant prices",2026M06,2026-06-01
"47.74+47.75 retail sale of medical, cosmetic and toilet articles",11.3,"Yearly development in percent, working day adjusted, constant prices",2026M06,2026-06-01
47.11+47.2 retail sale with mostly food,3.6,"Yearly development in percent, working day adjusted, constant prices",2026M07,2026-07-01
47.591-47.592 specialised stores for home furniture; specialised stores for office furniture,9.6,"Yearly development in percent, working day adjusted, constant prices",2026M07,2026-07-01
47.64 sports shops,5.9,"Yearly development in percent, working day adjusted, constant prices",2026M07,2026-07-01
47.71 clothing stores,1.6,"Yearly development in percent, working day adjusted, constant prices",2026M07,2026-07-01
"47.74+47.75 retail sale of medical, cosmetic and toilet articles",23.3,"Yearly development in percent, working day adjusted, constant prices",2026M07,2026-07-01
